plot_id,season,site_id,site_name,region,variety,treatment,replicate,rainfall_mm,growing_degree_days,disease_pressure_index,stand_count_per_m2,lodging_pct,yield_t_ha
P00001,2021,S01,North Ridge Station,Northern Plains,CL-Aurora 21,Untreated Check,1,510.0,2445.0,55.7,7.15,4.1,9.06
P00002,2021,S01,North Ridge Station,Northern Plains,CL-Aurora 21,Untreated Check,2,510.0,2445.0,42.7,8.51,3.0,9.6
P00003,2021,S01,North Ridge Station,Northern Plains,CL-Aurora 21,Untreated Check,3,510.0,2445.0,55.3,8.33,4.3,10.14
P00004,2021,S01,North Ridge Station,Northern Plains,CL-Aurora 21,Untreated Check,4,510.0,2445.0,55.8,8.51,8.3,8.19
P00005,2021,S01,North Ridge Station,Northern Plains,CL-Aurora 21,Programme Alpha,1,510.0,2445.0,22.3,7.51,3.8,10.8
P00006,2021,S01,North Ridge Station,Northern Plains,CL-Aurora 21,Programme Alpha,2,510.0,2445.0,21.5,8.57,1.6,10.21
P00007,2021,S01,North Ridge Station,Northern Plains,CL-Aurora 21,Programme Alpha,3,510.0,2445.0,17.4,8.27,3.8,9.89
P00008,2021,S01,North Ridge Station,Northern Plains,CL-Aurora 21,Programme Alpha,4,510.0,2445.0,21.7,7.87,2.4,8.72
P00009,2021,S01,North Ridge Station,Northern Plains,CL-Aurora 21,Programme Bravo,1,510.0,2445.0,8.6,7.99,1.6,10.65
P00010,2021,S01,North Ridge Station,Northern Plains,CL-Aurora 21,Programme Bravo,2,510.0,2445.0,8.5,7.38,4.0,11.01
P00011,2021,S01,North Ridge Station,Northern Plains,CL-Aurora 21,Programme Bravo,3,510.0,2445.0,9.6,8.27,3.8,10.35
P00012,2021,S01,North Ridge Station,Northern Plains,CL-Aurora 21,Programme Bravo,4,510.0,2445.0,8.9,7.73,6.9,10.36
P00013,2021,S01,North Ridge Station,Northern Plains,CL-Beacon 44,Untreated Check,1,510.0,2445.0,48.2,7.95,2.6,10.51
P00014,2021,S01,North Ridge Station,Northern Plains,CL-Beacon 44,Untreated Check,2,510.0,2445.0,47.7,8.08,6.5,10.33
P00015,2021,S01,North Ridge Station,Northern Plains,CL-Beacon 44,Untreated Check,3,510.0,2445.0,55.5,8.13,8.2,10.54
P00016,2021,S01,North Ridge Station,Northern Plains,CL-Beacon 44,Untreated Check,4,510.0,2445.0,47.1,8.4,4.1,11.18
P00017,2021,S01,North Ridge Station,Northern Plains,CL-Beacon 44,Programme Alpha,1,510.0,2445.0,20.4,7.88,2.7,11.19
P00018,2021,S01,North Ridge Station,Northern Plains,CL-Beacon 44,Programme Alpha,2,510.0,2445.0,24.9,8.08,4.2,11.31
P00019,2021,S01,North Ridge Station,Northern Plains,CL-Beacon 44,Programme Alpha,3,510.0,2445.0,18.3,8.48,12.6,11.42
P00020,2021,S01,North Ridge Station,Northern Plains,CL-Beacon 44,Programme Alpha,4,510.0,2445.0,22.4,7.8,1.9,11.22
P00021,2021,S01,North Ridge Station,Northern Plains,CL-Beacon 44,Programme Bravo,1,510.0,2445.0,9.6,8.08,1.3,11.4
P00022,2021,S01,North Ridge Station,Northern Plains,CL-Beacon 44,Programme Bravo,2,510.0,2445.0,8.1,7.61,6.4,11.16
P00023,2021,S01,North Ridge Station,Northern Plains,CL-Beacon 44,Programme Bravo,3,510.0,2445.0,9.5,7.71,4.5,10.94
P00024,2021,S01,North Ridge Station,Northern Plains,CL-Beacon 44,Programme Bravo,4,510.0,2445.0,10.1,7.66,3.6,10.76
P00025,2021,S01,North Ridge Station,Northern Plains,CL-Cinder 07,Untreated Check,1,510.0,2445.0,45.2,8.13,2.8,10.39
P00026,2021,S01,North Ridge Station,Northern Plains,CL-Cinder 07,Untreated Check,2,510.0,2445.0,45.9,7.69,8.0,9.45
P00027,2021,S01,North Ridge Station,Northern Plains,CL-Cinder 07,Untreated Check,3,510.0,2445.0,35.6,8.13,3.2,9.35
P00028,2021,S01,North Ridge Station,Northern Plains,CL-Cinder 07,Untreated Check,4,510.0,2445.0,49.1,7.49,2.8,8.84
P00029,2021,S01,North Ridge Station,Northern Plains,CL-Cinder 07,Programme Alpha,1,510.0,2445.0,21.4,7.53,2.7,9.6
P00030,2021,S01,North Ridge Station,Northern Plains,CL-Cinder 07,Programme Alpha,2,510.0,2445.0,20.5,7.96,4.4,9.28
P00031,2021,S01,North Ridge Station,Northern Plains,CL-Cinder 07,Programme Alpha,3,510.0,2445.0,16.3,7.84,4.3,9.29
P00032,2021,S01,North Ridge Station,Northern Plains,CL-Cinder 07,Programme Alpha,4,510.0,2445.0,25.4,7.95,3.1,10.45
P00033,2021,S01,North Ridge Station,Northern Plains,CL-Cinder 07,Programme Bravo,1,510.0,2445.0,10.0,8.03,1.7,10.44
P00034,2021,S01,North Ridge Station,Northern Plains,CL-Cinder 07,Programme Bravo,2,510.0,2445.0,9.6,8.24,2.9,10.58
P00035,2021,S01,North Ridge Station,Northern Plains,CL-Cinder 07,Programme Bravo,3,510.0,2445.0,9.4,7.66,4.0,9.52
P00036,2021,S01,North Ridge Station,Northern Plains,CL-Cinder 07,Programme Bravo,4,510.0,2445.0,8.3,8.13,3.1,8.92
P00037,2021,S01,North Ridge Station,Northern Plains,CL-Delta 12,Untreated Check,1,510.0,2445.0,40.1,7.71,4.0,10.96
P00038,2021,S01,North Ridge Station,Northern Plains,CL-Delta 12,Untreated Check,2,510.0,2445.0,49.3,7.7,6.2,10.64
P00039,2021,S01,North Ridge Station,Northern Plains,CL-Delta 12,Untreated Check,3,510.0,2445.0,41.5,7.74,6.0,10.17
P00040,2021,S01,North Ridge Station,Northern Plains,CL-Delta 12,Untreated Check,4,510.0,2445.0,48.7,7.95,9.4,10.68
P00041,2021,S01,North Ridge Station,Northern Plains,CL-Delta 12,Programme Alpha,1,510.0,2445.0,25.0,7.66,8.6,10.67
P00042,2021,S01,North Ridge Station,Northern Plains,CL-Delta 12,Programme Alpha,2,510.0,2445.0,23.4,7.58,9.8,11.41
P00043,2021,S01,North Ridge Station,Northern Plains,CL-Delta 12,Programme Alpha,3,510.0,2445.0,18.4,8.01,7.7,10.45
P00044,2021,S01,North Ridge Station,Northern Plains,CL-Delta 12,Programme Alpha,4,510.0,2445.0,23.0,7.37,2.6,10.65
P00045,2021,S01,North Ridge Station,Northern Plains,CL-Delta 12,Programme Bravo,1,510.0,2445.0,10.4,8.1,2.8,11.25
P00046,2021,S01,North Ridge Station,Northern Plains,CL-Delta 12,Programme Bravo,2,510.0,2445.0,10.5,7.8,3.7,10.66
P00047,2021,S01,North Ridge Station,Northern Plains,CL-Delta 12,Programme Bravo,3,510.0,2445.0,10.2,7.83,4.3,10.85
P00048,2021,S01,North Ridge Station,Northern Plains,CL-Delta 12,Programme Bravo,4,510.0,2445.0,8.9,7.84,2.8,10.47
P00049,2021,S01,North Ridge Station,Northern Plains,CL-Ember 33,Untreated Check,1,510.0,2445.0,40.7,7.86,2.8,10.53
P00050,2021,S01,North Ridge Station,Northern Plains,CL-Ember 33,Untreated Check,2,510.0,2445.0,43.1,8.08,7.2,10.1
P00051,2021,S01,North Ridge Station,Northern Plains,CL-Ember 33,Untreated Check,3,510.0,2445.0,44.0,6.7,4.8,11.48
P00052,2021,S01,North Ridge Station,Northern Plains,CL-Ember 33,Untreated Check,4,510.0,2445.0,43.5,8.01,4.7,9.99
P00053,2021,S01,North Ridge Station,Northern Plains,CL-Ember 33,Programme Alpha,1,510.0,2445.0,23.1,7.32,3.8,11.55
P00054,2021,S01,North Ridge Station,Northern Plains,CL-Ember 33,Programme Alpha,2,510.0,2445.0,21.7,7.81,2.8,10.93
P00055,2021,S01,North Ridge Station,Northern Plains,CL-Ember 33,Programme Alpha,3,510.0,2445.0,20.3,7.91,1.7,10.56
P00056,2021,S01,North Ridge Station,Northern Plains,CL-Ember 33,Programme Alpha,4,510.0,2445.0,21.1,7.84,1.6,11.56
P00057,2021,S01,North Ridge Station,Northern Plains,CL-Ember 33,Programme Bravo,1,510.0,2445.0,11.1,7.62,2.0,12.41
P00058,2021,S01,North Ridge Station,Northern Plains,CL-Ember 33,Programme Bravo,2,510.0,2445.0,9.3,7.74,1.8,10.68
P00059,2021,S01,North Ridge Station,Northern Plains,CL-Ember 33,Programme Bravo,3,510.0,2445.0,8.5,7.62,2.4,12.12
P00060,2021,S01,North Ridge Station,Northern Plains,CL-Ember 33,Programme Bravo,4,510.0,2445.0,10.6,7.71,1.1,11.65
P00061,2021,S02,Clay Flats Station,Northern Plains,CL-Aurora 21,Untreated Check,1,497.4,2348.0,67.5,7.29,6.9,8.01
P00062,2021,S02,Clay Flats Station,Northern Plains,CL-Aurora 21,Untreated Check,2,497.4,2348.0,76.6,8.19,7.0,8.73
P00063,2021,S02,Clay Flats Station,Northern Plains,CL-Aurora 21,Untreated Check,3,497.4,2348.0,66.0,7.45,6.7,8.78
P00064,2021,S02,Clay Flats Station,Northern Plains,CL-Aurora 21,Untreated Check,4,497.4,2348.0,68.0,7.3,6.0,8.23
P00065,2021,S02,Clay Flats Station,Northern Plains,CL-Aurora 21,Programme Alpha,1,497.4,2348.0,34.9,7.08,3.3,9.69
P00066,2021,S02,Clay Flats Station,Northern Plains,CL-Aurora 21,Programme Alpha,2,497.4,2348.0,28.0,8.0,2.6,8.96
P00067,2021,S02,Clay Flats Station,Northern Plains,CL-Aurora 21,Programme Alpha,3,497.4,2348.0,32.2,8.29,3.8,8.85
P00068,2021,S02,Clay Flats Station,Northern Plains,CL-Aurora 21,Programme Alpha,4,497.4,2348.0,23.6,7.02,6.0,9.86
P00069,2021,S02,Clay Flats Station,Northern Plains,CL-Aurora 21,Programme Bravo,1,497.4,2348.0,14.6,8.06,2.1,9.16
P00070,2021,S02,Clay Flats Station,Northern Plains,CL-Aurora 21,Programme Bravo,2,497.4,2348.0,13.6,7.9,1.9,8.47
P00071,2021,S02,Clay Flats Station,Northern Plains,CL-Aurora 21,Programme Bravo,3,497.4,2348.0,11.5,7.62,5.2,9.3
P00072,2021,S02,Clay Flats Station,Northern Plains,CL-Aurora 21,Programme Bravo,4,497.4,2348.0,15.2,7.43,1.4,9.8
P00073,2021,S02,Clay Flats Station,Northern Plains,CL-Beacon 44,Untreated Check,1,497.4,2348.0,65.8,8.67,4.7,10.04
P00074,2021,S02,Clay Flats Station,Northern Plains,CL-Beacon 44,Untreated Check,2,497.4,2348.0,64.5,7.95,5.8,9.93
P00075,2021,S02,Clay Flats Station,Northern Plains,CL-Beacon 44,Untreated Check,3,497.4,2348.0,62.7,8.12,5.1,10.57
P00076,2021,S02,Clay Flats Station,Northern Plains,CL-Beacon 44,Untreated Check,4,497.4,2348.0,68.9,7.62,6.0,10.04
P00077,2021,S02,Clay Flats Station,Northern Plains,CL-Beacon 44,Programme Alpha,1,497.4,2348.0,27.6,7.88,4.7,10.29
P00078,2021,S02,Clay Flats Station,Northern Plains,CL-Beacon 44,Programme Alpha,2,497.4,2348.0,27.7,8.17,2.8,10.67
P00079,2021,S02,Clay Flats Station,Northern Plains,CL-Beacon 44,Programme Alpha,3,497.4,2348.0,28.0,8.1,2.4,10.05
P00080,2021,S02,Clay Flats Station,Northern Plains,CL-Beacon 44,Programme Alpha,4,497.4,2348.0,28.3,8.0,4.9,10.04
P00081,2021,S02,Clay Flats Station,Northern Plains,CL-Beacon 44,Programme Bravo,1,497.4,2348.0,14.5,7.93,3.2,10.52
P00082,2021,S02,Clay Flats Station,Northern Plains,CL-Beacon 44,Programme Bravo,2,497.4,2348.0,14.5,7.62,10.7,9.54
P00083,2021,S02,Clay Flats Station,Northern Plains,CL-Beacon 44,Programme Bravo,3,497.4,2348.0,11.2,8.13,1.0,11.1
P00084,2021,S02,Clay Flats Station,Northern Plains,CL-Beacon 44,Programme Bravo,4,497.4,2348.0,13.7,8.32,1.4,10.67
P00085,2021,S02,Clay Flats Station,Northern Plains,CL-Cinder 07,Untreated Check,1,497.4,2348.0,80.6,7.71,5.5,7.74
P00086,2021,S02,Clay Flats Station,Northern Plains,CL-Cinder 07,Untreated Check,2,497.4,2348.0,74.5,7.93,5.0,8.31
P00087,2021,S02,Clay Flats Station,Northern Plains,CL-Cinder 07,Untreated Check,3,497.4,2348.0,60.5,7.87,3.9,8.61
P00088,2021,S02,Clay Flats Station,Northern Plains,CL-Cinder 07,Untreated Check,4,497.4,2348.0,72.3,7.56,5.3,8.55
P00089,2021,S02,Clay Flats Station,Northern Plains,CL-Cinder 07,Programme Alpha,1,497.4,2348.0,33.9,7.72,3.5,8.72
P00090,2021,S02,Clay Flats Station,Northern Plains,CL-Cinder 07,Programme Alpha,2,497.4,2348.0,31.8,7.42,5.9,8.36
P00091,2021,S02,Clay Flats Station,Northern Plains,CL-Cinder 07,Programme Alpha,3,497.4,2348.0,27.7,7.24,1.9,9.17
P00092,2021,S02,Clay Flats Station,Northern Plains,CL-Cinder 07,Programme Alpha,4,497.4,2348.0,31.4,7.82,3.6,8.88
P00093,2021,S02,Clay Flats Station,Northern Plains,CL-Cinder 07,Programme Bravo,1,497.4,2348.0,13.8,7.85,11.2,9.1
P00094,2021,S02,Clay Flats Station,Northern Plains,CL-Cinder 07,Programme Bravo,2,497.4,2348.0,14.1,6.94,9.0,8.53
P00095,2021,S02,Clay Flats Station,Northern Plains,CL-Cinder 07,Programme Bravo,3,497.4,2348.0,12.4,8.39,9.0,8.98
P00096,2021,S02,Clay Flats Station,Northern Plains,CL-Cinder 07,Programme Bravo,4,497.4,2348.0,13.5,8.56,3.5,9.05
P00097,2021,S02,Clay Flats Station,Northern Plains,CL-Delta 12,Untreated Check,1,497.4,2348.0,56.4,7.37,4.2,9.26
P00098,2021,S02,Clay Flats Station,Northern Plains,CL-Delta 12,Untreated Check,2,497.4,2348.0,78.0,7.06,8.9,9.12
P00099,2021,S02,Clay Flats Station,Northern Plains,CL-Delta 12,Untreated Check,3,497.4,2348.0,78.8,7.23,9.8,8.48
P00100,2021,S02,Clay Flats Station,Northern Plains,CL-Delta 12,Untreated Check,4,497.4,2348.0,71.2,7.72,6.1,8.75
P00101,2021,S02,Clay Flats Station,Northern Plains,CL-Delta 12,Programme Alpha,1,497.4,2348.0,25.8,7.81,3.3,9.71
P00102,2021,S02,Clay Flats Station,Northern Plains,CL-Delta 12,Programme Alpha,2,497.4,2348.0,32.6,7.59,3.2,10.21
P00103,2021,S02,Clay Flats Station,Northern Plains,CL-Delta 12,Programme Alpha,3,497.4,2348.0,24.9,7.37,3.4,9.57
P00104,2021,S02,Clay Flats Station,Northern Plains,CL-Delta 12,Programme Alpha,4,497.4,2348.0,30.9,7.86,3.4,9.64
P00105,2021,S02,Clay Flats Station,Northern Plains,CL-Delta 12,Programme Bravo,1,497.4,2348.0,14.6,7.47,3.3,9.93
P00106,2021,S02,Clay Flats Station,Northern Plains,CL-Delta 12,Programme Bravo,2,497.4,2348.0,15.4,7.83,1.7,10.1
P00107,2021,S02,Clay Flats Station,Northern Plains,CL-Delta 12,Programme Bravo,3,497.4,2348.0,13.7,7.58,9.5,10.6
P00108,2021,S02,Clay Flats Station,Northern Plains,CL-Delta 12,Programme Bravo,4,497.4,2348.0,13.9,7.83,4.0,10.43
P00109,2021,S02,Clay Flats Station,Northern Plains,CL-Ember 33,Untreated Check,1,497.4,2348.0,64.4,7.73,10.5,9.73
P00110,2021,S02,Clay Flats Station,Northern Plains,CL-Ember 33,Untreated Check,2,497.4,2348.0,77.0,7.99,5.5,8.45
P00111,2021,S02,Clay Flats Station,Northern Plains,CL-Ember 33,Untreated Check,3,497.4,2348.0,74.8,7.58,6.6,9.03
P00112,2021,S02,Clay Flats Station,Northern Plains,CL-Ember 33,Untreated Check,4,497.4,2348.0,73.8,7.81,5.7,9.29
P00113,2021,S02,Clay Flats Station,Northern Plains,CL-Ember 33,Programme Alpha,1,497.4,2348.0,24.8,7.96,5.9,10.31
P00114,2021,S02,Clay Flats Station,Northern Plains,CL-Ember 33,Programme Alpha,2,497.4,2348.0,29.1,7.86,2.8,10.74
P00115,2021,S02,Clay Flats Station,Northern Plains,CL-Ember 33,Programme Alpha,3,497.4,2348.0,33.3,7.96,2.1,10.57
P00116,2021,S02,Clay Flats Station,Northern Plains,CL-Ember 33,Programme Alpha,4,497.4,2348.0,26.7,8.05,7.3,10.34
P00117,2021,S02,Clay Flats Station,Northern Plains,CL-Ember 33,Programme Bravo,1,497.4,2348.0,13.8,8.02,8.4,9.85
P00118,2021,S02,Clay Flats Station,Northern Plains,CL-Ember 33,Programme Bravo,2,497.4,2348.0,14.2,8.32,3.0,11.18
P00119,2021,S02,Clay Flats Station,Northern Plains,CL-Ember 33,Programme Bravo,3,497.4,2348.0,13.0,7.59,4.6,10.27
P00120,2021,S02,Clay Flats Station,Northern Plains,CL-Ember 33,Programme Bravo,4,497.4,2348.0,15.9,7.37,3.3,10.39
P00121,2021,S03,River Bend Station,Central Valley,CL-Aurora 21,Untreated Check,1,561.3,2466.0,58.6,7.78,3.7,9.53
P00122,2021,S03,River Bend Station,Central Valley,CL-Aurora 21,Untreated Check,2,561.3,2466.0,49.4,8.09,6.2,9.65
P00123,2021,S03,River Bend Station,Central Valley,CL-Aurora 21,Untreated Check,3,561.3,2466.0,39.1,7.3,4.4,9.76
P00124,2021,S03,River Bend Station,Central Valley,CL-Aurora 21,Untreated Check,4,561.3,2466.0,49.8,7.75,8.6,9.37
P00125,2021,S03,River Bend Station,Central Valley,CL-Aurora 21,Programme Alpha,1,561.3,2466.0,23.1,7.47,2.4,10.95
P00126,2021,S03,River Bend Station,Central Valley,CL-Aurora 21,Programme Alpha,2,561.3,2466.0,23.9,7.65,2.8,10.7
P00127,2021,S03,River Bend Station,Central Valley,CL-Aurora 21,Programme Alpha,3,561.3,2466.0,22.2,7.64,2.3,9.83
P00128,2021,S03,River Bend Station,Central Valley,CL-Aurora 21,Programme Alpha,4,561.3,2466.0,24.6,7.85,1.6,10.37
P00129,2021,S03,River Bend Station,Central Valley,CL-Aurora 21,Programme Bravo,1,561.3,2466.0,10.2,7.32,4.1,10.84
P00130,2021,S03,River Bend Station,Central Valley,CL-Aurora 21,Programme Bravo,2,561.3,2466.0,9.9,7.92,2.1,10.88
P00131,2021,S03,River Bend Station,Central Valley,CL-Aurora 21,Programme Bravo,3,561.3,2466.0,8.3,7.74,1.2,10.99
P00132,2021,S03,River Bend Station,Central Valley,CL-Aurora 21,Programme Bravo,4,561.3,2466.0,11.4,8.02,3.0,10.89
P00133,2021,S03,River Bend Station,Central Valley,CL-Beacon 44,Untreated Check,1,561.3,2466.0,40.0,7.51,12.9,11.13
P00134,2021,S03,River Bend Station,Central Valley,CL-Beacon 44,Untreated Check,2,561.3,2466.0,44.9,8.06,5.0,11.09
P00135,2021,S03,River Bend Station,Central Valley,CL-Beacon 44,Untreated Check,3,561.3,2466.0,55.4,8.09,4.1,12.01
P00136,2021,S03,River Bend Station,Central Valley,CL-Beacon 44,Untreated Check,4,561.3,2466.0,52.7,7.55,2.9,10.83
P00137,2021,S03,River Bend Station,Central Valley,CL-Beacon 44,Programme Alpha,1,561.3,2466.0,21.0,8.1,2.8,11.1
P00138,2021,S03,River Bend Station,Central Valley,CL-Beacon 44,Programme Alpha,2,561.3,2466.0,21.2,7.2,2.8,11.83
P00139,2021,S03,River Bend Station,Central Valley,CL-Beacon 44,Programme Alpha,3,561.3,2466.0,22.3,7.6,6.5,11.36
P00140,2021,S03,River Bend Station,Central Valley,CL-Beacon 44,Programme Alpha,4,561.3,2466.0,21.9,8.18,4.7,9.96
P00141,2021,S03,River Bend Station,Central Valley,CL-Beacon 44,Programme Bravo,1,561.3,2466.0,11.6,7.86,2.4,11.89
P00142,2021,S03,River Bend Station,Central Valley,CL-Beacon 44,Programme Bravo,2,561.3,2466.0,10.6,7.9,1.3,12.04
P00143,2021,S03,River Bend Station,Central Valley,CL-Beacon 44,Programme Bravo,3,561.3,2466.0,9.8,7.96,2.0,12.16
P00144,2021,S03,River Bend Station,Central Valley,CL-Beacon 44,Programme Bravo,4,561.3,2466.0,10.7,7.94,10.8,12.29
P00145,2021,S03,River Bend Station,Central Valley,CL-Cinder 07,Untreated Check,1,561.3,2466.0,57.7,7.56,4.3,9.63
P00146,2021,S03,River Bend Station,Central Valley,CL-Cinder 07,Untreated Check,2,561.3,2466.0,47.8,7.92,10.3,8.86
P00147,2021,S03,River Bend Station,Central Valley,CL-Cinder 07,Untreated Check,3,561.3,2466.0,58.3,7.72,4.1,8.95
P00148,2021,S03,River Bend Station,Central Valley,CL-Cinder 07,Untreated Check,4,561.3,2466.0,53.8,7.49,4.7,8.86
P00149,2021,S03,River Bend Station,Central Valley,CL-Cinder 07,Programme Alpha,1,561.3,2466.0,25.2,7.9,4.7,9.85
P00150,2021,S03,River Bend Station,Central Valley,CL-Cinder 07,Programme Alpha,2,561.3,2466.0,18.4,7.68,6.4,9.93
P00151,2021,S03,River Bend Station,Central Valley,CL-Cinder 07,Programme Alpha,3,561.3,2466.0,23.6,7.63,3.8,9.49
P00152,2021,S03,River Bend Station,Central Valley,CL-Cinder 07,Programme Alpha,4,561.3,2466.0,22.4,7.64,2.9,9.69
P00153,2021,S03,River Bend Station,Central Valley,CL-Cinder 07,Programme Bravo,1,561.3,2466.0,9.2,8.3,1.6,10.44
P00154,2021,S03,River Bend Station,Central Valley,CL-Cinder 07,Programme Bravo,2,561.3,2466.0,9.3,8.21,1.3,9.8
P00155,2021,S03,River Bend Station,Central Valley,CL-Cinder 07,Programme Bravo,3,561.3,2466.0,7.9,8.35,4.9,9.4
P00156,2021,S03,River Bend Station,Central Valley,CL-Cinder 07,Programme Bravo,4,561.3,2466.0,8.7,8.11,3.8,9.62
P00157,2021,S03,River Bend Station,Central Valley,CL-Delta 12,Untreated Check,1,561.3,2466.0,48.3,7.42,6.5,10.55
P00158,2021,S03,River Bend Station,Central Valley,CL-Delta 12,Untreated Check,2,561.3,2466.0,42.2,7.44,4.8,10.06
P00159,2021,S03,River Bend Station,Central Valley,CL-Delta 12,Untreated Check,3,561.3,2466.0,36.0,8.2,2.2,10.28
P00160,2021,S03,River Bend Station,Central Valley,CL-Delta 12,Untreated Check,4,561.3,2466.0,50.7,7.99,4.3,9.92
P00161,2021,S03,River Bend Station,Central Valley,CL-Delta 12,Programme Alpha,1,561.3,2466.0,20.6,7.26,9.3,11.04
P00162,2021,S03,River Bend Station,Central Valley,CL-Delta 12,Programme Alpha,2,561.3,2466.0,22.2,7.65,2.7,11.11
P00163,2021,S03,River Bend Station,Central Valley,CL-Delta 12,Programme Alpha,3,561.3,2466.0,24.5,7.45,3.1,10.84
P00164,2021,S03,River Bend Station,Central Valley,CL-Delta 12,Programme Alpha,4,561.3,2466.0,24.2,6.85,2.1,11.4
P00165,2021,S03,River Bend Station,Central Valley,CL-Delta 12,Programme Bravo,1,561.3,2466.0,10.8,6.75,7.4,11.19
P00166,2021,S03,River Bend Station,Central Valley,CL-Delta 12,Programme Bravo,2,561.3,2466.0,9.6,7.86,3.3,11.35
P00167,2021,S03,River Bend Station,Central Valley,CL-Delta 12,Programme Bravo,3,561.3,2466.0,10.5,7.29,2.7,10.81
P00168,2021,S03,River Bend Station,Central Valley,CL-Delta 12,Programme Bravo,4,561.3,2466.0,10.2,7.35,5.7,11.7
P00169,2021,S03,River Bend Station,Central Valley,CL-Ember 33,Untreated Check,1,561.3,2466.0,49.4,7.66,6.0,10.22
P00170,2021,S03,River Bend Station,Central Valley,CL-Ember 33,Untreated Check,2,561.3,2466.0,46.8,8.15,4.3,10.4
P00171,2021,S03,River Bend Station,Central Valley,CL-Ember 33,Untreated Check,3,561.3,2466.0,46.9,7.91,6.4,11.39
P00172,2021,S03,River Bend Station,Central Valley,CL-Ember 33,Untreated Check,4,561.3,2466.0,43.0,7.49,3.6,10.97
P00173,2021,S03,River Bend Station,Central Valley,CL-Ember 33,Programme Alpha,1,561.3,2466.0,20.1,7.53,4.3,11.8
P00174,2021,S03,River Bend Station,Central Valley,CL-Ember 33,Programme Alpha,2,561.3,2466.0,27.3,8.04,4.4,10.8
P00175,2021,S03,River Bend Station,Central Valley,CL-Ember 33,Programme Alpha,3,561.3,2466.0,27.0,8.1,4.3,11.63
P00176,2021,S03,River Bend Station,Central Valley,CL-Ember 33,Programme Alpha,4,561.3,2466.0,18.5,7.34,1.7,11.4
P00177,2021,S03,River Bend Station,Central Valley,CL-Ember 33,Programme Bravo,1,561.3,2466.0,9.8,7.3,1.1,12.04
P00178,2021,S03,River Bend Station,Central Valley,CL-Ember 33,Programme Bravo,2,561.3,2466.0,9.0,7.76,1.8,11.74
P00179,2021,S03,River Bend Station,Central Valley,CL-Ember 33,Programme Bravo,3,561.3,2466.0,9.2,8.39,4.4,11.69
P00180,2021,S03,River Bend Station,Central Valley,CL-Ember 33,Programme Bravo,4,561.3,2466.0,9.3,7.73,7.3,11.8
P00181,2021,S04,Lakeview Station,Central Valley,CL-Aurora 21,Untreated Check,1,678.7,2473.0,57.7,7.7,4.4,9.35
P00182,2021,S04,Lakeview Station,Central Valley,CL-Aurora 21,Untreated Check,2,678.7,2473.0,59.8,7.62,8.1,8.55
P00183,2021,S04,Lakeview Station,Central Valley,CL-Aurora 21,Untreated Check,3,678.7,2473.0,42.9,7.67,7.4,9.87
P00184,2021,S04,Lakeview Station,Central Valley,CL-Aurora 21,Untreated Check,4,678.7,2473.0,49.8,7.39,3.5,9.84
P00185,2021,S04,Lakeview Station,Central Valley,CL-Aurora 21,Programme Alpha,1,678.7,2473.0,23.3,7.65,8.4,10.32
P00186,2021,S04,Lakeview Station,Central Valley,CL-Aurora 21,Programme Alpha,2,678.7,2473.0,20.7,7.32,1.9,10.9
P00187,2021,S04,Lakeview Station,Central Valley,CL-Aurora 21,Programme Alpha,3,678.7,2473.0,25.3,7.62,5.0,11.22
P00188,2021,S04,Lakeview Station,Central Valley,CL-Aurora 21,Programme Alpha,4,678.7,2473.0,21.2,8.16,10.2,11.28
P00189,2021,S04,Lakeview Station,Central Valley,CL-Aurora 21,Programme Bravo,1,678.7,2473.0,11.2,7.98,4.2,10.52
P00190,2021,S04,Lakeview Station,Central Valley,CL-Aurora 21,Programme Bravo,2,678.7,2473.0,10.1,7.87,2.1,11.67
P00191,2021,S04,Lakeview Station,Central Valley,CL-Aurora 21,Programme Bravo,3,678.7,2473.0,8.3,7.44,0.9,11.96
P00192,2021,S04,Lakeview Station,Central Valley,CL-Aurora 21,Programme Bravo,4,678.7,2473.0,10.6,8.04,2.6,10.63
P00193,2021,S04,Lakeview Station,Central Valley,CL-Beacon 44,Untreated Check,1,678.7,2473.0,44.6,7.49,3.6,11.16
P00194,2021,S04,Lakeview Station,Central Valley,CL-Beacon 44,Untreated Check,2,678.7,2473.0,49.8,8.07,8.7,11.32
P00195,2021,S04,Lakeview Station,Central Valley,CL-Beacon 44,Untreated Check,3,678.7,2473.0,59.5,7.66,6.2,11.98
P00196,2021,S04,Lakeview Station,Central Valley,CL-Beacon 44,Untreated Check,4,678.7,2473.0,48.1,7.37,7.8,12.13
P00197,2021,S04,Lakeview Station,Central Valley,CL-Beacon 44,Programme Alpha,1,678.7,2473.0,24.6,7.78,2.3,11.05
P00198,2021,S04,Lakeview Station,Central Valley,CL-Beacon 44,Programme Alpha,2,678.7,2473.0,24.6,7.45,1.7,12.02
P00199,2021,S04,Lakeview Station,Central Valley,CL-Beacon 44,Programme Alpha,3,678.7,2473.0,24.0,7.54,4.7,11.82
P00200,2021,S04,Lakeview Station,Central Valley,CL-Beacon 44,Programme Alpha,4,678.7,2473.0,25.3,7.19,2.0,12.06
P00201,2021,S04,Lakeview Station,Central Valley,CL-Beacon 44,Programme Bravo,1,678.7,2473.0,10.0,7.67,2.2,12.05
P00202,2021,S04,Lakeview Station,Central Valley,CL-Beacon 44,Programme Bravo,2,678.7,2473.0,9.9,7.47,1.4,11.72
P00203,2021,S04,Lakeview Station,Central Valley,CL-Beacon 44,Programme Bravo,3,678.7,2473.0,10.4,7.79,1.6,11.64
P00204,2021,S04,Lakeview Station,Central Valley,CL-Beacon 44,Programme Bravo,4,678.7,2473.0,9.9,8.38,5.5,11.42
P00205,2021,S04,Lakeview Station,Central Valley,CL-Cinder 07,Untreated Check,1,678.7,2473.0,54.6,7.76,6.5,10.48
P00206,2021,S04,Lakeview Station,Central Valley,CL-Cinder 07,Untreated Check,2,678.7,2473.0,44.7,8.24,3.4,9.72
P00207,2021,S04,Lakeview Station,Central Valley,CL-Cinder 07,Untreated Check,3,678.7,2473.0,59.6,7.86,3.1,10.06
P00208,2021,S04,Lakeview Station,Central Valley,CL-Cinder 07,Untreated Check,4,678.7,2473.0,49.7,7.72,6.6,9.72
P00209,2021,S04,Lakeview Station,Central Valley,CL-Cinder 07,Programme Alpha,1,678.7,2473.0,21.4,7.26,3.8,10.33
P00210,2021,S04,Lakeview Station,Central Valley,CL-Cinder 07,Programme Alpha,2,678.7,2473.0,26.3,8.11,4.7,9.34
P00211,2021,S04,Lakeview Station,Central Valley,CL-Cinder 07,Programme Alpha,3,678.7,2473.0,19.6,7.58,8.0,10.6
P00212,2021,S04,Lakeview Station,Central Valley,CL-Cinder 07,Programme Alpha,4,678.7,2473.0,20.2,7.63,1.9,10.0
P00213,2021,S04,Lakeview Station,Central Valley,CL-Cinder 07,Programme Bravo,1,678.7,2473.0,10.3,7.7,3.9,10.64
P00214,2021,S04,Lakeview Station,Central Valley,CL-Cinder 07,Programme Bravo,2,678.7,2473.0,8.2,8.31,2.2,9.88
P00215,2021,S04,Lakeview Station,Central Valley,CL-Cinder 07,Programme Bravo,3,678.7,2473.0,11.3,8.29,11.6,10.24
P00216,2021,S04,Lakeview Station,Central Valley,CL-Cinder 07,Programme Bravo,4,678.7,2473.0,13.2,7.33,3.9,10.54
P00217,2021,S04,Lakeview Station,Central Valley,CL-Delta 12,Untreated Check,1,678.7,2473.0,55.3,7.84,5.0,10.78
P00218,2021,S04,Lakeview Station,Central Valley,CL-Delta 12,Untreated Check,2,678.7,2473.0,44.8,7.64,4.9,10.88
P00219,2021,S04,Lakeview Station,Central Valley,CL-Delta 12,Untreated Check,3,678.7,2473.0,44.4,7.59,4.3,11.44
P00220,2021,S04,Lakeview Station,Central Valley,CL-Delta 12,Untreated Check,4,678.7,2473.0,53.8,8.05,4.9,10.47
P00221,2021,S04,Lakeview Station,Central Valley,CL-Delta 12,Programme Alpha,1,678.7,2473.0,19.7,7.88,9.3,11.27
P00222,2021,S04,Lakeview Station,Central Valley,CL-Delta 12,Programme Alpha,2,678.7,2473.0,23.0,7.91,1.5,11.48
P00223,2021,S04,Lakeview Station,Central Valley,CL-Delta 12,Programme Alpha,3,678.7,2473.0,27.0,7.4,2.0,11.73
P00224,2021,S04,Lakeview Station,Central Valley,CL-Delta 12,Programme Alpha,4,678.7,2473.0,22.0,7.88,8.4,11.7
P00225,2021,S04,Lakeview Station,Central Valley,CL-Delta 12,Programme Bravo,1,678.7,2473.0,9.0,7.44,2.5,10.9
P00226,2021,S04,Lakeview Station,Central Valley,CL-Delta 12,Programme Bravo,2,678.7,2473.0,10.9,8.04,8.8,11.96
P00227,2021,S04,Lakeview Station,Central Valley,CL-Delta 12,Programme Bravo,3,678.7,2473.0,11.1,7.84,3.5,11.99
P00228,2021,S04,Lakeview Station,Central Valley,CL-Delta 12,Programme Bravo,4,678.7,2473.0,11.2,7.35,0.7,11.54
P00229,2021,S04,Lakeview Station,Central Valley,CL-Ember 33,Untreated Check,1,678.7,2473.0,45.5,8.2,4.6,10.93
P00230,2021,S04,Lakeview Station,Central Valley,CL-Ember 33,Untreated Check,2,678.7,2473.0,55.3,7.73,11.7,10.94
P00231,2021,S04,Lakeview Station,Central Valley,CL-Ember 33,Untreated Check,3,678.7,2473.0,57.1,7.31,6.7,10.37
P00232,2021,S04,Lakeview Station,Central Valley,CL-Ember 33,Untreated Check,4,678.7,2473.0,42.4,8.38,3.6,11.73
P00233,2021,S04,Lakeview Station,Central Valley,CL-Ember 33,Programme Alpha,1,678.7,2473.0,19.4,7.44,4.3,11.78
P00234,2021,S04,Lakeview Station,Central Valley,CL-Ember 33,Programme Alpha,2,678.7,2473.0,26.1,8.57,3.4,12.53
P00235,2021,S04,Lakeview Station,Central Valley,CL-Ember 33,Programme Alpha,3,678.7,2473.0,25.6,7.8,2.0,11.87
P00236,2021,S04,Lakeview Station,Central Valley,CL-Ember 33,Programme Alpha,4,678.7,2473.0,20.4,7.58,3.7,11.48
P00237,2021,S04,Lakeview Station,Central Valley,CL-Ember 33,Programme Bravo,1,678.7,2473.0,7.4,8.42,1.0,12.75
P00238,2021,S04,Lakeview Station,Central Valley,CL-Ember 33,Programme Bravo,2,678.7,2473.0,9.9,7.76,2.4,11.71
P00239,2021,S04,Lakeview Station,Central Valley,CL-Ember 33,Programme Bravo,3,678.7,2473.0,10.5,7.77,5.2,12.26
P00240,2021,S04,Lakeview Station,Central Valley,CL-Ember 33,Programme Bravo,4,678.7,2473.0,10.9,7.92,1.0,11.83
P00241,2021,S05,Sandhill Station,Eastern Belt,CL-Aurora 21,Untreated Check,1,764.0,2661.0,30.6,8.04,6.5,9.49
P00242,2021,S05,Sandhill Station,Eastern Belt,CL-Aurora 21,Untreated Check,2,764.0,2661.0,37.6,7.94,5.4,8.69
P00243,2021,S05,Sandhill Station,Eastern Belt,CL-Aurora 21,Untreated Check,3,764.0,2661.0,37.2,7.09,7.6,8.97
P00244,2021,S05,Sandhill Station,Eastern Belt,CL-Aurora 21,Untreated Check,4,764.0,2661.0,36.8,7.4,5.5,9.27
P00245,2021,S05,Sandhill Station,Eastern Belt,CL-Aurora 21,Programme Alpha,1,764.0,2661.0,14.3,8.27,1.6,10.24
P00246,2021,S05,Sandhill Station,Eastern Belt,CL-Aurora 21,Programme Alpha,2,764.0,2661.0,15.6,8.18,2.1,9.39
P00247,2021,S05,Sandhill Station,Eastern Belt,CL-Aurora 21,Programme Alpha,3,764.0,2661.0,17.3,7.7,2.4,9.37
P00248,2021,S05,Sandhill Station,Eastern Belt,CL-Aurora 21,Programme Alpha,4,764.0,2661.0,16.7,7.63,2.7,10.53
P00249,2021,S05,Sandhill Station,Eastern Belt,CL-Aurora 21,Programme Bravo,1,764.0,2661.0,8.4,7.95,1.7,10.65
P00250,2021,S05,Sandhill Station,Eastern Belt,CL-Aurora 21,Programme Bravo,2,764.0,2661.0,6.9,7.59,2.5,10.51
P00251,2021,S05,Sandhill Station,Eastern Belt,CL-Aurora 21,Programme Bravo,3,764.0,2661.0,7.0,7.61,2.8,10.08
P00252,2021,S05,Sandhill Station,Eastern Belt,CL-Aurora 21,Programme Bravo,4,764.0,2661.0,6.5,7.99,0.9,10.14
P00253,2021,S05,Sandhill Station,Eastern Belt,CL-Beacon 44,Untreated Check,1,764.0,2661.0,38.0,7.58,10.0,9.82
P00254,2021,S05,Sandhill Station,Eastern Belt,CL-Beacon 44,Untreated Check,2,764.0,2661.0,35.4,7.5,1.9,10.28
P00255,2021,S05,Sandhill Station,Eastern Belt,CL-Beacon 44,Untreated Check,3,764.0,2661.0,36.2,7.79,5.0,10.05
P00256,2021,S05,Sandhill Station,Eastern Belt,CL-Beacon 44,Untreated Check,4,764.0,2661.0,34.0,7.65,6.0,10.73
P00257,2021,S05,Sandhill Station,Eastern Belt,CL-Beacon 44,Programme Alpha,1,764.0,2661.0,16.6,7.33,4.0,11.25
P00258,2021,S05,Sandhill Station,Eastern Belt,CL-Beacon 44,Programme Alpha,2,764.0,2661.0,15.5,7.67,2.7,10.26
P00259,2021,S05,Sandhill Station,Eastern Belt,CL-Beacon 44,Programme Alpha,3,764.0,2661.0,16.7,7.21,6.4,11.31
P00260,2021,S05,Sandhill Station,Eastern Belt,CL-Beacon 44,Programme Alpha,4,764.0,2661.0,16.3,7.8,6.3,11.12
P00261,2021,S05,Sandhill Station,Eastern Belt,CL-Beacon 44,Programme Bravo,1,764.0,2661.0,6.3,7.54,4.4,10.93
P00262,2021,S05,Sandhill Station,Eastern Belt,CL-Beacon 44,Programme Bravo,2,764.0,2661.0,5.7,7.96,4.5,10.09
P00263,2021,S05,Sandhill Station,Eastern Belt,CL-Beacon 44,Programme Bravo,3,764.0,2661.0,7.7,7.73,1.5,10.98
P00264,2021,S05,Sandhill Station,Eastern Belt,CL-Beacon 44,Programme Bravo,4,764.0,2661.0,8.6,7.91,3.9,10.41
P00265,2021,S05,Sandhill Station,Eastern Belt,CL-Cinder 07,Untreated Check,1,764.0,2661.0,34.8,8.15,3.5,8.56
P00266,2021,S05,Sandhill Station,Eastern Belt,CL-Cinder 07,Untreated Check,2,764.0,2661.0,36.2,7.56,3.1,9.09
P00267,2021,S05,Sandhill Station,Eastern Belt,CL-Cinder 07,Untreated Check,3,764.0,2661.0,33.1,8.08,8.5,8.95
P00268,2021,S05,Sandhill Station,Eastern Belt,CL-Cinder 07,Untreated Check,4,764.0,2661.0,37.1,8.47,2.5,8.73
P00269,2021,S05,Sandhill Station,Eastern Belt,CL-Cinder 07,Programme Alpha,1,764.0,2661.0,15.7,8.16,2.6,8.26
P00270,2021,S05,Sandhill Station,Eastern Belt,CL-Cinder 07,Programme Alpha,2,764.0,2661.0,14.2,7.48,1.8,9.75
P00271,2021,S05,Sandhill Station,Eastern Belt,CL-Cinder 07,Programme Alpha,3,764.0,2661.0,13.5,8.25,3.3,9.53
P00272,2021,S05,Sandhill Station,Eastern Belt,CL-Cinder 07,Programme Alpha,4,764.0,2661.0,17.1,7.45,4.3,9.3
P00273,2021,S05,Sandhill Station,Eastern Belt,CL-Cinder 07,Programme Bravo,1,764.0,2661.0,7.5,7.47,7.3,9.74
P00274,2021,S05,Sandhill Station,Eastern Belt,CL-Cinder 07,Programme Bravo,2,764.0,2661.0,7.7,7.85,0.9,9.73
P00275,2021,S05,Sandhill Station,Eastern Belt,CL-Cinder 07,Programme Bravo,3,764.0,2661.0,7.9,8.22,3.3,9.33
P00276,2021,S05,Sandhill Station,Eastern Belt,CL-Cinder 07,Programme Bravo,4,764.0,2661.0,6.5,7.26,4.3,8.81
P00277,2021,S05,Sandhill Station,Eastern Belt,CL-Delta 12,Untreated Check,1,764.0,2661.0,34.7,7.92,2.1,9.98
P00278,2021,S05,Sandhill Station,Eastern Belt,CL-Delta 12,Untreated Check,2,764.0,2661.0,35.5,7.53,2.8,9.84
P00279,2021,S05,Sandhill Station,Eastern Belt,CL-Delta 12,Untreated Check,3,764.0,2661.0,37.6,7.32,3.3,10.37
P00280,2021,S05,Sandhill Station,Eastern Belt,CL-Delta 12,Untreated Check,4,764.0,2661.0,40.2,7.77,5.6,8.89
P00281,2021,S05,Sandhill Station,Eastern Belt,CL-Delta 12,Programme Alpha,1,764.0,2661.0,19.3,8.05,1.5,10.63
P00282,2021,S05,Sandhill Station,Eastern Belt,CL-Delta 12,Programme Alpha,2,764.0,2661.0,15.2,7.19,3.4,10.63
P00283,2021,S05,Sandhill Station,Eastern Belt,CL-Delta 12,Programme Alpha,3,764.0,2661.0,15.6,7.75,3.0,10.83
P00284,2021,S05,Sandhill Station,Eastern Belt,CL-Delta 12,Programme Alpha,4,764.0,2661.0,15.8,8.55,4.9,9.89
P00285,2021,S05,Sandhill Station,Eastern Belt,CL-Delta 12,Programme Bravo,1,764.0,2661.0,6.9,7.28,1.1,10.47
P00286,2021,S05,Sandhill Station,Eastern Belt,CL-Delta 12,Programme Bravo,2,764.0,2661.0,8.1,7.72,2.9,10.62
P00287,2021,S05,Sandhill Station,Eastern Belt,CL-Delta 12,Programme Bravo,3,764.0,2661.0,7.0,7.57,0.9,9.77
P00288,2021,S05,Sandhill Station,Eastern Belt,CL-Delta 12,Programme Bravo,4,764.0,2661.0,7.6,8.12,1.5,9.98
P00289,2021,S05,Sandhill Station,Eastern Belt,CL-Ember 33,Untreated Check,1,764.0,2661.0,33.3,8.38,4.3,10.26
P00290,2021,S05,Sandhill Station,Eastern Belt,CL-Ember 33,Untreated Check,2,764.0,2661.0,31.5,8.24,6.2,11.12
P00291,2021,S05,Sandhill Station,Eastern Belt,CL-Ember 33,Untreated Check,3,764.0,2661.0,32.5,6.9,4.6,10.16
P00292,2021,S05,Sandhill Station,Eastern Belt,CL-Ember 33,Untreated Check,4,764.0,2661.0,31.0,7.36,1.6,10.35
P00293,2021,S05,Sandhill Station,Eastern Belt,CL-Ember 33,Programme Alpha,1,764.0,2661.0,16.0,7.6,3.5,10.99
P00294,2021,S05,Sandhill Station,Eastern Belt,CL-Ember 33,Programme Alpha,2,764.0,2661.0,14.4,7.77,4.3,10.5
P00295,2021,S05,Sandhill Station,Eastern Belt,CL-Ember 33,Programme Alpha,3,764.0,2661.0,20.0,7.66,5.4,10.69
P00296,2021,S05,Sandhill Station,Eastern Belt,CL-Ember 33,Programme Alpha,4,764.0,2661.0,14.5,8.45,1.5,11.27
P00297,2021,S05,Sandhill Station,Eastern Belt,CL-Ember 33,Programme Bravo,1,764.0,2661.0,6.7,7.41,4.5,10.99
P00298,2021,S05,Sandhill Station,Eastern Belt,CL-Ember 33,Programme Bravo,2,764.0,2661.0,7.8,7.88,2.7,11.23
P00299,2021,S05,Sandhill Station,Eastern Belt,CL-Ember 33,Programme Bravo,3,764.0,2661.0,7.2,7.55,5.7,11.33
P00300,2021,S05,Sandhill Station,Eastern Belt,CL-Ember 33,Programme Bravo,4,764.0,2661.0,8.2,7.93,2.5,11.29
P00301,2021,S06,High Plains Station,Eastern Belt,CL-Aurora 21,Untreated Check,1,461.9,2460.0,48.1,7.26,3.7,8.7
P00302,2021,S06,High Plains Station,Eastern Belt,CL-Aurora 21,Untreated Check,2,461.9,2460.0,50.2,7.92,5.4,8.0
P00303,2021,S06,High Plains Station,Eastern Belt,CL-Aurora 21,Untreated Check,3,461.9,2460.0,62.9,8.04,10.0,8.21
P00304,2021,S06,High Plains Station,Eastern Belt,CL-Aurora 21,Untreated Check,4,461.9,2460.0,56.7,7.91,4.7,8.6
P00305,2021,S06,High Plains Station,Eastern Belt,CL-Aurora 21,Programme Alpha,1,461.9,2460.0,26.5,8.16,3.4,8.55
P00306,2021,S06,High Plains Station,Eastern Belt,CL-Aurora 21,Programme Alpha,2,461.9,2460.0,21.2,7.6,6.7,9.01
P00307,2021,S06,High Plains Station,Eastern Belt,CL-Aurora 21,Programme Alpha,3,461.9,2460.0,20.4,7.57,6.7,9.29
P00308,2021,S06,High Plains Station,Eastern Belt,CL-Aurora 21,Programme Alpha,4,461.9,2460.0,23.6,8.04,1.8,9.09
P00309,2021,S06,High Plains Station,Eastern Belt,CL-Aurora 21,Programme Bravo,1,461.9,2460.0,10.1,8.03,3.4,9.83
P00310,2021,S06,High Plains Station,Eastern Belt,CL-Aurora 21,Programme Bravo,2,461.9,2460.0,11.6,7.56,1.2,10.01
P00311,2021,S06,High Plains Station,Eastern Belt,CL-Aurora 21,Programme Bravo,3,461.9,2460.0,10.6,8.01,1.7,9.19
P00312,2021,S06,High Plains Station,Eastern Belt,CL-Aurora 21,Programme Bravo,4,461.9,2460.0,8.5,7.86,10.6,9.49
P00313,2021,S06,High Plains Station,Eastern Belt,CL-Beacon 44,Untreated Check,1,461.9,2460.0,52.1,7.7,10.6,10.46
P00314,2021,S06,High Plains Station,Eastern Belt,CL-Beacon 44,Untreated Check,2,461.9,2460.0,59.1,7.61,6.6,9.61
P00315,2021,S06,High Plains Station,Eastern Belt,CL-Beacon 44,Untreated Check,3,461.9,2460.0,43.8,7.94,5.3,9.89
P00316,2021,S06,High Plains Station,Eastern Belt,CL-Beacon 44,Untreated Check,4,461.9,2460.0,54.5,7.37,3.7,9.66
P00317,2021,S06,High Plains Station,Eastern Belt,CL-Beacon 44,Programme Alpha,1,461.9,2460.0,23.4,7.62,2.2,10.58
P00318,2021,S06,High Plains Station,Eastern Belt,CL-Beacon 44,Programme Alpha,2,461.9,2460.0,21.6,7.89,7.3,9.88
P00319,2021,S06,High Plains Station,Eastern Belt,CL-Beacon 44,Programme Alpha,3,461.9,2460.0,27.8,7.75,1.9,9.99
P00320,2021,S06,High Plains Station,Eastern Belt,CL-Beacon 44,Programme Alpha,4,461.9,2460.0,23.2,7.79,3.0,10.39
P00321,2021,S06,High Plains Station,Eastern Belt,CL-Beacon 44,Programme Bravo,1,461.9,2460.0,9.5,8.16,2.7,10.36
P00322,2021,S06,High Plains Station,Eastern Belt,CL-Beacon 44,Programme Bravo,2,461.9,2460.0,10.0,8.65,7.6,10.62
P00323,2021,S06,High Plains Station,Eastern Belt,CL-Beacon 44,Programme Bravo,3,461.9,2460.0,11.5,7.65,1.5,10.22
P00324,2021,S06,High Plains Station,Eastern Belt,CL-Beacon 44,Programme Bravo,4,461.9,2460.0,10.9,7.93,2.4,9.97
P00325,2021,S06,High Plains Station,Eastern Belt,CL-Cinder 07,Untreated Check,1,461.9,2460.0,55.3,7.59,6.4,8.14
P00326,2021,S06,High Plains Station,Eastern Belt,CL-Cinder 07,Untreated Check,2,461.9,2460.0,52.2,7.61,3.9,8.31
P00327,2021,S06,High Plains Station,Eastern Belt,CL-Cinder 07,Untreated Check,3,461.9,2460.0,53.6,7.74,6.1,7.04
P00328,2021,S06,High Plains Station,Eastern Belt,CL-Cinder 07,Untreated Check,4,461.9,2460.0,52.4,7.42,6.9,7.84
P00329,2021,S06,High Plains Station,Eastern Belt,CL-Cinder 07,Programme Alpha,1,461.9,2460.0,24.5,7.57,4.3,8.56
P00330,2021,S06,High Plains Station,Eastern Belt,CL-Cinder 07,Programme Alpha,2,461.9,2460.0,21.2,8.4,5.9,8.7
P00331,2021,S06,High Plains Station,Eastern Belt,CL-Cinder 07,Programme Alpha,3,461.9,2460.0,25.2,7.56,3.4,8.78
P00332,2021,S06,High Plains Station,Eastern Belt,CL-Cinder 07,Programme Alpha,4,461.9,2460.0,25.0,7.78,3.4,8.75
P00333,2021,S06,High Plains Station,Eastern Belt,CL-Cinder 07,Programme Bravo,1,461.9,2460.0,9.8,7.64,4.6,7.83
P00334,2021,S06,High Plains Station,Eastern Belt,CL-Cinder 07,Programme Bravo,2,461.9,2460.0,10.8,7.44,6.9,8.95
P00335,2021,S06,High Plains Station,Eastern Belt,CL-Cinder 07,Programme Bravo,3,461.9,2460.0,9.6,7.9,2.7,8.48
P00336,2021,S06,High Plains Station,Eastern Belt,CL-Cinder 07,Programme Bravo,4,461.9,2460.0,12.8,7.62,2.2,7.88
P00337,2021,S06,High Plains Station,Eastern Belt,CL-Delta 12,Untreated Check,1,461.9,2460.0,43.8,7.76,3.2,9.24
P00338,2021,S06,High Plains Station,Eastern Belt,CL-Delta 12,Untreated Check,2,461.9,2460.0,55.2,7.67,5.1,9.23
P00339,2021,S06,High Plains Station,Eastern Belt,CL-Delta 12,Untreated Check,3,461.9,2460.0,56.5,7.76,5.9,9.36
P00340,2021,S06,High Plains Station,Eastern Belt,CL-Delta 12,Untreated Check,4,461.9,2460.0,54.5,8.1,3.8,9.32
P00341,2021,S06,High Plains Station,Eastern Belt,CL-Delta 12,Programme Alpha,1,461.9,2460.0,24.7,8.09,5.7,9.52
P00342,2021,S06,High Plains Station,Eastern Belt,CL-Delta 12,Programme Alpha,2,461.9,2460.0,21.7,7.58,1.8,9.65
P00343,2021,S06,High Plains Station,Eastern Belt,CL-Delta 12,Programme Alpha,3,461.9,2460.0,21.2,7.32,5.1,9.43
P00344,2021,S06,High Plains Station,Eastern Belt,CL-Delta 12,Programme Alpha,4,461.9,2460.0,23.5,7.55,3.8,10.35
P00345,2021,S06,High Plains Station,Eastern Belt,CL-Delta 12,Programme Bravo,1,461.9,2460.0,10.1,8.28,2.8,10.09
P00346,2021,S06,High Plains Station,Eastern Belt,CL-Delta 12,Programme Bravo,2,461.9,2460.0,10.2,7.34,1.2,9.13
P00347,2021,S06,High Plains Station,Eastern Belt,CL-Delta 12,Programme Bravo,3,461.9,2460.0,11.1,8.01,1.2,10.5
P00348,2021,S06,High Plains Station,Eastern Belt,CL-Delta 12,Programme Bravo,4,461.9,2460.0,10.0,7.91,2.9,10.09
P00349,2021,S06,High Plains Station,Eastern Belt,CL-Ember 33,Untreated Check,1,461.9,2460.0,49.0,7.75,3.6,10.07
P00350,2021,S06,High Plains Station,Eastern Belt,CL-Ember 33,Untreated Check,2,461.9,2460.0,45.6,7.57,3.8,9.2
P00351,2021,S06,High Plains Station,Eastern Belt,CL-Ember 33,Untreated Check,3,461.9,2460.0,53.0,7.89,5.4,9.03
P00352,2021,S06,High Plains Station,Eastern Belt,CL-Ember 33,Untreated Check,4,461.9,2460.0,48.9,7.34,3.9,10.4
P00353,2021,S06,High Plains Station,Eastern Belt,CL-Ember 33,Programme Alpha,1,461.9,2460.0,26.0,8.46,4.6,10.11
P00354,2021,S06,High Plains Station,Eastern Belt,CL-Ember 33,Programme Alpha,2,461.9,2460.0,27.5,7.74,4.5,10.29
P00355,2021,S06,High Plains Station,Eastern Belt,CL-Ember 33,Programme Alpha,3,461.9,2460.0,21.4,7.83,1.8,10.46
P00356,2021,S06,High Plains Station,Eastern Belt,CL-Ember 33,Programme Alpha,4,461.9,2460.0,19.0,8.16,3.2,9.58
P00357,2021,S06,High Plains Station,Eastern Belt,CL-Ember 33,Programme Bravo,1,461.9,2460.0,10.0,7.32,4.0,10.1
P00358,2021,S06,High Plains Station,Eastern Belt,CL-Ember 33,Programme Bravo,2,461.9,2460.0,9.9,7.98,3.2,10.43
P00359,2021,S06,High Plains Station,Eastern Belt,CL-Ember 33,Programme Bravo,3,461.9,2460.0,9.1,7.83,2.5,9.11
P00360,2021,S06,High Plains Station,Eastern Belt,CL-Ember 33,Programme Bravo,4,461.9,2460.0,10.5,7.99,4.3,10.76
P00361,2022,S01,North Ridge Station,Northern Plains,CL-Aurora 21,Untreated Check,1,659.8,2450.0,68.7,7.53,7.2,9.5
P00362,2022,S01,North Ridge Station,Northern Plains,CL-Aurora 21,Untreated Check,2,659.8,2450.0,64.0,7.67,5.1,9.84
P00363,2022,S01,North Ridge Station,Northern Plains,CL-Aurora 21,Untreated Check,3,659.8,2450.0,68.7,8.45,3.7,9.32
P00364,2022,S01,North Ridge Station,Northern Plains,CL-Aurora 21,Untreated Check,4,659.8,2450.0,69.1,7.64,4.0,8.53
P00365,2022,S01,North Ridge Station,Northern Plains,CL-Aurora 21,Programme Alpha,1,659.8,2450.0,25.5,7.34,3.9,9.96
P00366,2022,S01,North Ridge Station,Northern Plains,CL-Aurora 21,Programme Alpha,2,659.8,2450.0,21.4,8.34,3.8,9.73
P00367,2022,S01,North Ridge Station,Northern Plains,CL-Aurora 21,Programme Alpha,3,659.8,2450.0,28.2,8.02,4.5,11.06
P00368,2022,S01,North Ridge Station,Northern Plains,CL-Aurora 21,Programme Alpha,4,659.8,2450.0,30.5,7.18,2.6,9.49
P00369,2022,S01,North Ridge Station,Northern Plains,CL-Aurora 21,Programme Bravo,1,659.8,2450.0,12.3,8.39,2.3,10.29
P00370,2022,S01,North Ridge Station,Northern Plains,CL-Aurora 21,Programme Bravo,2,659.8,2450.0,13.8,7.69,1.8,10.19
P00371,2022,S01,North Ridge Station,Northern Plains,CL-Aurora 21,Programme Bravo,3,659.8,2450.0,13.0,7.27,1.6,10.31
P00372,2022,S01,North Ridge Station,Northern Plains,CL-Aurora 21,Programme Bravo,4,659.8,2450.0,11.2,7.83,1.7,10.29
P00373,2022,S01,North Ridge Station,Northern Plains,CL-Beacon 44,Untreated Check,1,659.8,2450.0,74.2,8.02,5.0,10.26
P00374,2022,S01,North Ridge Station,Northern Plains,CL-Beacon 44,Untreated Check,2,659.8,2450.0,71.7,7.99,10.3,10.69
P00375,2022,S01,North Ridge Station,Northern Plains,CL-Beacon 44,Untreated Check,3,659.8,2450.0,71.1,7.97,3.7,11.46
P00376,2022,S01,North Ridge Station,Northern Plains,CL-Beacon 44,Untreated Check,4,659.8,2450.0,55.7,7.35,6.1,10.75
P00377,2022,S01,North Ridge Station,Northern Plains,CL-Beacon 44,Programme Alpha,1,659.8,2450.0,34.2,7.97,3.8,10.85
P00378,2022,S01,North Ridge Station,Northern Plains,CL-Beacon 44,Programme Alpha,2,659.8,2450.0,26.5,7.42,5.1,10.68
P00379,2022,S01,North Ridge Station,Northern Plains,CL-Beacon 44,Programme Alpha,3,659.8,2450.0,28.5,7.47,3.3,11.93
P00380,2022,S01,North Ridge Station,Northern Plains,CL-Beacon 44,Programme Alpha,4,659.8,2450.0,29.1,8.08,6.2,11.45
P00381,2022,S01,North Ridge Station,Northern Plains,CL-Beacon 44,Programme Bravo,1,659.8,2450.0,11.8,8.17,3.2,11.1
P00382,2022,S01,North Ridge Station,Northern Plains,CL-Beacon 44,Programme Bravo,2,659.8,2450.0,12.1,7.6,1.3,11.37
P00383,2022,S01,North Ridge Station,Northern Plains,CL-Beacon 44,Programme Bravo,3,659.8,2450.0,12.1,7.61,1.4,11.92
P00384,2022,S01,North Ridge Station,Northern Plains,CL-Beacon 44,Programme Bravo,4,659.8,2450.0,12.2,7.78,4.6,12.28
P00385,2022,S01,North Ridge Station,Northern Plains,CL-Cinder 07,Untreated Check,1,659.8,2450.0,58.6,7.29,4.8,9.55
P00386,2022,S01,North Ridge Station,Northern Plains,CL-Cinder 07,Untreated Check,2,659.8,2450.0,62.1,7.28,4.4,9.24
P00387,2022,S01,North Ridge Station,Northern Plains,CL-Cinder 07,Untreated Check,3,659.8,2450.0,67.8,7.58,4.8,8.4
P00388,2022,S01,North Ridge Station,Northern Plains,CL-Cinder 07,Untreated Check,4,659.8,2450.0,71.1,7.69,4.6,8.62
P00389,2022,S01,North Ridge Station,Northern Plains,CL-Cinder 07,Programme Alpha,1,659.8,2450.0,32.5,7.37,7.7,9.9
P00390,2022,S01,North Ridge Station,Northern Plains,CL-Cinder 07,Programme Alpha,2,659.8,2450.0,33.3,7.33,7.5,9.64
P00391,2022,S01,North Ridge Station,Northern Plains,CL-Cinder 07,Programme Alpha,3,659.8,2450.0,24.7,8.14,3.1,9.8
P00392,2022,S01,North Ridge Station,Northern Plains,CL-Cinder 07,Programme Alpha,4,659.8,2450.0,27.8,7.55,4.2,9.39
P00393,2022,S01,North Ridge Station,Northern Plains,CL-Cinder 07,Programme Bravo,1,659.8,2450.0,13.9,8.3,5.0,9.26
P00394,2022,S01,North Ridge Station,Northern Plains,CL-Cinder 07,Programme Bravo,2,659.8,2450.0,12.1,7.16,6.0,9.85
P00395,2022,S01,North Ridge Station,Northern Plains,CL-Cinder 07,Programme Bravo,3,659.8,2450.0,13.0,7.9,2.5,9.95
P00396,2022,S01,North Ridge Station,Northern Plains,CL-Cinder 07,Programme Bravo,4,659.8,2450.0,12.7,7.99,1.3,9.79
P00397,2022,S01,North Ridge Station,Northern Plains,CL-Delta 12,Untreated Check,1,659.8,2450.0,62.5,7.64,3.5,10.92
P00398,2022,S01,North Ridge Station,Northern Plains,CL-Delta 12,Untreated Check,2,659.8,2450.0,62.6,7.87,5.0,10.04
P00399,2022,S01,North Ridge Station,Northern Plains,CL-Delta 12,Untreated Check,3,659.8,2450.0,64.8,7.64,5.0,9.74
P00400,2022,S01,North Ridge Station,Northern Plains,CL-Delta 12,Untreated Check,4,659.8,2450.0,68.8,8.2,6.9,9.35
P00401,2022,S01,North Ridge Station,Northern Plains,CL-Delta 12,Programme Alpha,1,659.8,2450.0,30.3,7.89,3.7,10.97
P00402,2022,S01,North Ridge Station,Northern Plains,CL-Delta 12,Programme Alpha,2,659.8,2450.0,28.4,7.32,2.9,11.27
P00403,2022,S01,North Ridge Station,Northern Plains,CL-Delta 12,Programme Alpha,3,659.8,2450.0,26.4,7.49,7.3,11.68
P00404,2022,S01,North Ridge Station,Northern Plains,CL-Delta 12,Programme Alpha,4,659.8,2450.0,27.5,8.4,2.5,11.61
P00405,2022,S01,North Ridge Station,Northern Plains,CL-Delta 12,Programme Bravo,1,659.8,2450.0,16.5,6.9,3.7,10.83
P00406,2022,S01,North Ridge Station,Northern Plains,CL-Delta 12,Programme Bravo,2,659.8,2450.0,14.5,8.1,3.5,10.67
P00407,2022,S01,North Ridge Station,Northern Plains,CL-Delta 12,Programme Bravo,3,659.8,2450.0,13.0,8.39,1.0,10.81
P00408,2022,S01,North Ridge Station,Northern Plains,CL-Delta 12,Programme Bravo,4,659.8,2450.0,11.7,8.32,2.8,10.63
P00409,2022,S01,North Ridge Station,Northern Plains,CL-Ember 33,Untreated Check,1,659.8,2450.0,59.8,7.83,5.1,10.72
P00410,2022,S01,North Ridge Station,Northern Plains,CL-Ember 33,Untreated Check,2,659.8,2450.0,64.8,7.91,6.6,10.35
P00411,2022,S01,North Ridge Station,Northern Plains,CL-Ember 33,Untreated Check,3,659.8,2450.0,75.2,8.07,5.3,9.6
P00412,2022,S01,North Ridge Station,Northern Plains,CL-Ember 33,Untreated Check,4,659.8,2450.0,51.1,7.64,3.1,10.84
P00413,2022,S01,North Ridge Station,Northern Plains,CL-Ember 33,Programme Alpha,1,659.8,2450.0,31.6,7.96,5.1,11.22
P00414,2022,S01,North Ridge Station,Northern Plains,CL-Ember 33,Programme Alpha,2,659.8,2450.0,29.7,7.56,4.5,11.11
P00415,2022,S01,North Ridge Station,Northern Plains,CL-Ember 33,Programme Alpha,3,659.8,2450.0,31.6,7.69,4.7,10.45
P00416,2022,S01,North Ridge Station,Northern Plains,CL-Ember 33,Programme Alpha,4,659.8,2450.0,26.4,7.72,4.0,11.51
P00417,2022,S01,North Ridge Station,Northern Plains,CL-Ember 33,Programme Bravo,1,659.8,2450.0,12.9,7.12,1.2,11.47
P00418,2022,S01,North Ridge Station,Northern Plains,CL-Ember 33,Programme Bravo,2,659.8,2450.0,12.7,8.56,2.0,11.75
P00419,2022,S01,North Ridge Station,Northern Plains,CL-Ember 33,Programme Bravo,3,659.8,2450.0,13.8,7.43,3.2,11.82
P00420,2022,S01,North Ridge Station,Northern Plains,CL-Ember 33,Programme Bravo,4,659.8,2450.0,14.2,7.44,1.2,11.04
P00421,2022,S02,Clay Flats Station,Northern Plains,CL-Aurora 21,Untreated Check,1,488.8,2470.0,82.9,7.94,8.5,8.38
P00422,2022,S02,Clay Flats Station,Northern Plains,CL-Aurora 21,Untreated Check,2,488.8,2470.0,75.1,7.69,5.2,7.94
P00423,2022,S02,Clay Flats Station,Northern Plains,CL-Aurora 21,Untreated Check,3,488.8,2470.0,75.6,7.63,5.3,8.81
P00424,2022,S02,Clay Flats Station,Northern Plains,CL-Aurora 21,Untreated Check,4,488.8,2470.0,69.4,8.43,5.4,8.42
P00425,2022,S02,Clay Flats Station,Northern Plains,CL-Aurora 21,Programme Alpha,1,488.8,2470.0,28.2,7.82,4.1,9.51
P00426,2022,S02,Clay Flats Station,Northern Plains,CL-Aurora 21,Programme Alpha,2,488.8,2470.0,28.6,7.12,2.0,9.65
P00427,2022,S02,Clay Flats Station,Northern Plains,CL-Aurora 21,Programme Alpha,3,488.8,2470.0,37.2,7.97,3.0,9.07
P00428,2022,S02,Clay Flats Station,Northern Plains,CL-Aurora 21,Programme Alpha,4,488.8,2470.0,41.8,7.89,4.7,8.86
P00429,2022,S02,Clay Flats Station,Northern Plains,CL-Aurora 21,Programme Bravo,1,488.8,2470.0,16.9,8.04,2.7,9.94
P00430,2022,S02,Clay Flats Station,Northern Plains,CL-Aurora 21,Programme Bravo,2,488.8,2470.0,12.5,7.8,3.9,9.45
P00431,2022,S02,Clay Flats Station,Northern Plains,CL-Aurora 21,Programme Bravo,3,488.8,2470.0,15.3,8.18,2.7,9.0
P00432,2022,S02,Clay Flats Station,Northern Plains,CL-Aurora 21,Programme Bravo,4,488.8,2470.0,14.4,7.68,3.0,8.51
P00433,2022,S02,Clay Flats Station,Northern Plains,CL-Beacon 44,Untreated Check,1,488.8,2470.0,83.3,7.96,8.2,9.46
P00434,2022,S02,Clay Flats Station,Northern Plains,CL-Beacon 44,Untreated Check,2,488.8,2470.0,64.8,7.6,4.8,9.9
P00435,2022,S02,Clay Flats Station,Northern Plains,CL-Beacon 44,Untreated Check,3,488.8,2470.0,82.8,7.2,9.1,10.24
P00436,2022,S02,Clay Flats Station,Northern Plains,CL-Beacon 44,Untreated Check,4,488.8,2470.0,73.4,7.94,9.4,9.42
P00437,2022,S02,Clay Flats Station,Northern Plains,CL-Beacon 44,Programme Alpha,1,488.8,2470.0,34.8,8.07,4.8,10.13
P00438,2022,S02,Clay Flats Station,Northern Plains,CL-Beacon 44,Programme Alpha,2,488.8,2470.0,37.8,7.98,2.5,9.35
P00439,2022,S02,Clay Flats Station,Northern Plains,CL-Beacon 44,Programme Alpha,3,488.8,2470.0,30.9,7.65,3.2,10.56
P00440,2022,S02,Clay Flats Station,Northern Plains,CL-Beacon 44,Programme Alpha,4,488.8,2470.0,32.4,7.98,3.4,9.8
P00441,2022,S02,Clay Flats Station,Northern Plains,CL-Beacon 44,Programme Bravo,1,488.8,2470.0,17.4,8.16,2.3,10.89
P00442,2022,S02,Clay Flats Station,Northern Plains,CL-Beacon 44,Programme Bravo,2,488.8,2470.0,14.7,7.56,6.9,10.65
P00443,2022,S02,Clay Flats Station,Northern Plains,CL-Beacon 44,Programme Bravo,3,488.8,2470.0,14.9,8.17,2.3,9.99
P00444,2022,S02,Clay Flats Station,Northern Plains,CL-Beacon 44,Programme Bravo,4,488.8,2470.0,17.2,8.56,2.2,10.36
P00445,2022,S02,Clay Flats Station,Northern Plains,CL-Cinder 07,Untreated Check,1,488.8,2470.0,68.0,7.92,4.5,8.49
P00446,2022,S02,Clay Flats Station,Northern Plains,CL-Cinder 07,Untreated Check,2,488.8,2470.0,61.9,7.64,4.3,7.72
P00447,2022,S02,Clay Flats Station,Northern Plains,CL-Cinder 07,Untreated Check,3,488.8,2470.0,77.6,7.59,6.6,8.34
P00448,2022,S02,Clay Flats Station,Northern Plains,CL-Cinder 07,Untreated Check,4,488.8,2470.0,73.9,7.86,7.7,8.45
P00449,2022,S02,Clay Flats Station,Northern Plains,CL-Cinder 07,Programme Alpha,1,488.8,2470.0,27.3,7.93,3.1,8.75
P00450,2022,S02,Clay Flats Station,Northern Plains,CL-Cinder 07,Programme Alpha,2,488.8,2470.0,31.4,8.29,6.6,8.75
P00451,2022,S02,Clay Flats Station,Northern Plains,CL-Cinder 07,Programme Alpha,3,488.8,2470.0,34.9,7.27,4.4,8.09
P00452,2022,S02,Clay Flats Station,Northern Plains,CL-Cinder 07,Programme Alpha,4,488.8,2470.0,36.6,7.19,5.6,8.17
P00453,2022,S02,Clay Flats Station,Northern Plains,CL-Cinder 07,Programme Bravo,1,488.8,2470.0,12.6,7.52,1.2,8.99
P00454,2022,S02,Clay Flats Station,Northern Plains,CL-Cinder 07,Programme Bravo,2,488.8,2470.0,15.7,6.91,1.0,8.77
P00455,2022,S02,Clay Flats Station,Northern Plains,CL-Cinder 07,Programme Bravo,3,488.8,2470.0,14.8,8.7,0.9,8.86
P00456,2022,S02,Clay Flats Station,Northern Plains,CL-Cinder 07,Programme Bravo,4,488.8,2470.0,14.8,7.87,2.5,8.6
P00457,2022,S02,Clay Flats Station,Northern Plains,CL-Delta 12,Untreated Check,1,488.8,2470.0,79.2,8.06,5.5,8.46
P00458,2022,S02,Clay Flats Station,Northern Plains,CL-Delta 12,Untreated Check,2,488.8,2470.0,82.5,8.2,7.1,8.51
P00459,2022,S02,Clay Flats Station,Northern Plains,CL-Delta 12,Untreated Check,3,488.8,2470.0,76.9,7.35,6.3,8.96
P00460,2022,S02,Clay Flats Station,Northern Plains,CL-Delta 12,Untreated Check,4,488.8,2470.0,81.4,7.83,5.2,9.56
P00461,2022,S02,Clay Flats Station,Northern Plains,CL-Delta 12,Programme Alpha,1,488.8,2470.0,33.3,7.51,5.8,9.72
P00462,2022,S02,Clay Flats Station,Northern Plains,CL-Delta 12,Programme Alpha,2,488.8,2470.0,32.0,7.34,2.0,9.55
P00463,2022,S02,Clay Flats Station,Northern Plains,CL-Delta 12,Programme Alpha,3,488.8,2470.0,32.2,7.81,4.9,9.47
P00464,2022,S02,Clay Flats Station,Northern Plains,CL-Delta 12,Programme Alpha,4,488.8,2470.0,29.0,7.57,3.7,9.71
P00465,2022,S02,Clay Flats Station,Northern Plains,CL-Delta 12,Programme Bravo,1,488.8,2470.0,14.0,7.58,2.4,10.52
P00466,2022,S02,Clay Flats Station,Northern Plains,CL-Delta 12,Programme Bravo,2,488.8,2470.0,15.0,8.32,1.1,9.69
P00467,2022,S02,Clay Flats Station,Northern Plains,CL-Delta 12,Programme Bravo,3,488.8,2470.0,14.1,8.1,1.7,10.12
P00468,2022,S02,Clay Flats Station,Northern Plains,CL-Delta 12,Programme Bravo,4,488.8,2470.0,15.1,7.36,1.9,10.31
P00469,2022,S02,Clay Flats Station,Northern Plains,CL-Ember 33,Untreated Check,1,488.8,2470.0,80.1,7.3,4.8,8.56
P00470,2022,S02,Clay Flats Station,Northern Plains,CL-Ember 33,Untreated Check,2,488.8,2470.0,79.3,8.32,5.3,8.57
P00471,2022,S02,Clay Flats Station,Northern Plains,CL-Ember 33,Untreated Check,3,488.8,2470.0,75.2,7.71,4.5,9.87
P00472,2022,S02,Clay Flats Station,Northern Plains,CL-Ember 33,Untreated Check,4,488.8,2470.0,82.3,7.61,7.4,9.04
P00473,2022,S02,Clay Flats Station,Northern Plains,CL-Ember 33,Programme Alpha,1,488.8,2470.0,35.7,7.68,4.2,9.88
P00474,2022,S02,Clay Flats Station,Northern Plains,CL-Ember 33,Programme Alpha,2,488.8,2470.0,34.5,7.57,3.2,10.47
P00475,2022,S02,Clay Flats Station,Northern Plains,CL-Ember 33,Programme Alpha,3,488.8,2470.0,34.3,7.67,4.2,10.14
P00476,2022,S02,Clay Flats Station,Northern Plains,CL-Ember 33,Programme Alpha,4,488.8,2470.0,37.1,7.46,7.5,10.11
P00477,2022,S02,Clay Flats Station,Northern Plains,CL-Ember 33,Programme Bravo,1,488.8,2470.0,14.7,7.74,1.3,10.45
P00478,2022,S02,Clay Flats Station,Northern Plains,CL-Ember 33,Programme Bravo,2,488.8,2470.0,13.5,7.59,3.9,10.47
P00479,2022,S02,Clay Flats Station,Northern Plains,CL-Ember 33,Programme Bravo,3,488.8,2470.0,15.5,7.6,1.9,11.42
P00480,2022,S02,Clay Flats Station,Northern Plains,CL-Ember 33,Programme Bravo,4,488.8,2470.0,14.4,7.72,2.0,10.33
P00481,2022,S03,River Bend Station,Central Valley,CL-Aurora 21,Untreated Check,1,722.5,2513.0,49.0,7.87,3.3,9.85
P00482,2022,S03,River Bend Station,Central Valley,CL-Aurora 21,Untreated Check,2,722.5,2513.0,58.7,7.6,4.5,9.75
P00483,2022,S03,River Bend Station,Central Valley,CL-Aurora 21,Untreated Check,3,722.5,2513.0,57.7,7.42,6.5,9.3
P00484,2022,S03,River Bend Station,Central Valley,CL-Aurora 21,Untreated Check,4,722.5,2513.0,55.9,7.22,3.1,9.44
P00485,2022,S03,River Bend Station,Central Valley,CL-Aurora 21,Programme Alpha,1,722.5,2513.0,29.4,8.6,2.3,10.25
P00486,2022,S03,River Bend Station,Central Valley,CL-Aurora 21,Programme Alpha,2,722.5,2513.0,22.9,8.2,14.3,10.79
P00487,2022,S03,River Bend Station,Central Valley,CL-Aurora 21,Programme Alpha,3,722.5,2513.0,29.6,7.53,1.9,10.82
P00488,2022,S03,River Bend Station,Central Valley,CL-Aurora 21,Programme Alpha,4,722.5,2513.0,25.5,8.65,1.6,11.12
P00489,2022,S03,River Bend Station,Central Valley,CL-Aurora 21,Programme Bravo,1,722.5,2513.0,9.7,7.55,3.8,10.58
P00490,2022,S03,River Bend Station,Central Valley,CL-Aurora 21,Programme Bravo,2,722.5,2513.0,10.7,7.47,0.8,10.51
P00491,2022,S03,River Bend Station,Central Valley,CL-Aurora 21,Programme Bravo,3,722.5,2513.0,10.5,7.93,3.0,10.67
P00492,2022,S03,River Bend Station,Central Valley,CL-Aurora 21,Programme Bravo,4,722.5,2513.0,11.7,7.89,1.6,10.5
P00493,2022,S03,River Bend Station,Central Valley,CL-Beacon 44,Untreated Check,1,722.5,2513.0,43.8,7.6,6.9,11.32
P00494,2022,S03,River Bend Station,Central Valley,CL-Beacon 44,Untreated Check,2,722.5,2513.0,64.6,7.78,5.9,11.36
P00495,2022,S03,River Bend Station,Central Valley,CL-Beacon 44,Untreated Check,3,722.5,2513.0,47.6,7.99,6.9,10.95
P00496,2022,S03,River Bend Station,Central Valley,CL-Beacon 44,Untreated Check,4,722.5,2513.0,51.5,7.31,3.7,11.22
P00497,2022,S03,River Bend Station,Central Valley,CL-Beacon 44,Programme Alpha,1,722.5,2513.0,26.1,8.3,5.0,11.32
P00498,2022,S03,River Bend Station,Central Valley,CL-Beacon 44,Programme Alpha,2,722.5,2513.0,20.6,7.53,2.3,10.71
P00499,2022,S03,River Bend Station,Central Valley,CL-Beacon 44,Programme Alpha,3,722.5,2513.0,26.4,8.01,4.8,11.13
P00500,2022,S03,River Bend Station,Central Valley,CL-Beacon 44,Programme Alpha,4,722.5,2513.0,27.4,7.97,4.2,11.77
P00501,2022,S03,River Bend Station,Central Valley,CL-Beacon 44,Programme Bravo,1,722.5,2513.0,12.5,7.75,6.6,12.26
P00502,2022,S03,River Bend Station,Central Valley,CL-Beacon 44,Programme Bravo,2,722.5,2513.0,9.9,7.99,1.9,11.89
P00503,2022,S03,River Bend Station,Central Valley,CL-Beacon 44,Programme Bravo,3,722.5,2513.0,11.8,8.12,3.0,11.09
P00504,2022,S03,River Bend Station,Central Valley,CL-Beacon 44,Programme Bravo,4,722.5,2513.0,11.8,7.51,1.1,11.92
P00505,2022,S03,River Bend Station,Central Valley,CL-Cinder 07,Untreated Check,1,722.5,2513.0,50.5,7.67,7.9,9.37
P00506,2022,S03,River Bend Station,Central Valley,CL-Cinder 07,Untreated Check,2,722.5,2513.0,55.3,7.89,3.2,9.83
P00507,2022,S03,River Bend Station,Central Valley,CL-Cinder 07,Untreated Check,3,722.5,2513.0,63.3,8.01,6.6,9.57
P00508,2022,S03,River Bend Station,Central Valley,CL-Cinder 07,Untreated Check,4,722.5,2513.0,59.3,7.97,14.3,9.93
P00509,2022,S03,River Bend Station,Central Valley,CL-Cinder 07,Programme Alpha,1,722.5,2513.0,26.4,7.45,1.7,9.33
P00510,2022,S03,River Bend Station,Central Valley,CL-Cinder 07,Programme Alpha,2,722.5,2513.0,25.3,7.44,6.8,9.87
P00511,2022,S03,River Bend Station,Central Valley,CL-Cinder 07,Programme Alpha,3,722.5,2513.0,24.7,7.73,4.7,9.46
P00512,2022,S03,River Bend Station,Central Valley,CL-Cinder 07,Programme Alpha,4,722.5,2513.0,19.6,8.46,2.9,10.12
P00513,2022,S03,River Bend Station,Central Valley,CL-Cinder 07,Programme Bravo,1,722.5,2513.0,12.3,8.15,3.1,9.34
P00514,2022,S03,River Bend Station,Central Valley,CL-Cinder 07,Programme Bravo,2,722.5,2513.0,10.8,7.96,2.3,9.87
P00515,2022,S03,River Bend Station,Central Valley,CL-Cinder 07,Programme Bravo,3,722.5,2513.0,12.3,7.67,0.8,10.91
P00516,2022,S03,River Bend Station,Central Valley,CL-Cinder 07,Programme Bravo,4,722.5,2513.0,9.8,7.52,8.9,10.32
P00517,2022,S03,River Bend Station,Central Valley,CL-Delta 12,Untreated Check,1,722.5,2513.0,55.7,8.3,5.1,10.93
P00518,2022,S03,River Bend Station,Central Valley,CL-Delta 12,Untreated Check,2,722.5,2513.0,55.9,7.88,3.8,10.26
P00519,2022,S03,River Bend Station,Central Valley,CL-Delta 12,Untreated Check,3,722.5,2513.0,59.1,8.11,5.3,10.59
P00520,2022,S03,River Bend Station,Central Valley,CL-Delta 12,Untreated Check,4,722.5,2513.0,44.8,7.58,4.2,9.86
P00521,2022,S03,River Bend Station,Central Valley,CL-Delta 12,Programme Alpha,1,722.5,2513.0,27.9,8.15,1.8,10.92
P00522,2022,S03,River Bend Station,Central Valley,CL-Delta 12,Programme Alpha,2,722.5,2513.0,24.1,7.7,3.6,11.55
P00523,2022,S03,River Bend Station,Central Valley,CL-Delta 12,Programme Alpha,3,722.5,2513.0,23.6,7.79,2.4,11.85
P00524,2022,S03,River Bend Station,Central Valley,CL-Delta 12,Programme Alpha,4,722.5,2513.0,24.9,7.9,3.3,10.92
P00525,2022,S03,River Bend Station,Central Valley,CL-Delta 12,Programme Bravo,1,722.5,2513.0,13.6,7.75,1.9,11.45
P00526,2022,S03,River Bend Station,Central Valley,CL-Delta 12,Programme Bravo,2,722.5,2513.0,10.6,7.62,2.7,11.1
P00527,2022,S03,River Bend Station,Central Valley,CL-Delta 12,Programme Bravo,3,722.5,2513.0,11.7,8.16,2.7,10.52
P00528,2022,S03,River Bend Station,Central Valley,CL-Delta 12,Programme Bravo,4,722.5,2513.0,12.2,7.47,4.9,11.39
P00529,2022,S03,River Bend Station,Central Valley,CL-Ember 33,Untreated Check,1,722.5,2513.0,52.3,7.48,3.8,10.91
P00530,2022,S03,River Bend Station,Central Valley,CL-Ember 33,Untreated Check,2,722.5,2513.0,62.4,7.93,5.4,11.73
P00531,2022,S03,River Bend Station,Central Valley,CL-Ember 33,Untreated Check,3,722.5,2513.0,55.6,7.82,11.8,10.92
P00532,2022,S03,River Bend Station,Central Valley,CL-Ember 33,Untreated Check,4,722.5,2513.0,50.4,7.92,4.5,9.91
P00533,2022,S03,River Bend Station,Central Valley,CL-Ember 33,Programme Alpha,1,722.5,2513.0,26.2,7.48,1.7,11.08
P00534,2022,S03,River Bend Station,Central Valley,CL-Ember 33,Programme Alpha,2,722.5,2513.0,21.0,7.9,4.3,11.88
P00535,2022,S03,River Bend Station,Central Valley,CL-Ember 33,Programme Alpha,3,722.5,2513.0,28.0,7.84,3.3,11.03
P00536,2022,S03,River Bend Station,Central Valley,CL-Ember 33,Programme Alpha,4,722.5,2513.0,24.0,7.44,2.3,11.48
P00537,2022,S03,River Bend Station,Central Valley,CL-Ember 33,Programme Bravo,1,722.5,2513.0,11.7,7.61,4.5,11.32
P00538,2022,S03,River Bend Station,Central Valley,CL-Ember 33,Programme Bravo,2,722.5,2513.0,10.4,6.74,7.2,12.11
P00539,2022,S03,River Bend Station,Central Valley,CL-Ember 33,Programme Bravo,3,722.5,2513.0,12.8,8.13,1.7,11.97
P00540,2022,S03,River Bend Station,Central Valley,CL-Ember 33,Programme Bravo,4,722.5,2513.0,13.2,8.05,6.0,12.43
P00541,2022,S04,Lakeview Station,Central Valley,CL-Aurora 21,Untreated Check,1,712.3,2469.0,63.4,7.21,4.6,10.03
P00542,2022,S04,Lakeview Station,Central Valley,CL-Aurora 21,Untreated Check,2,712.3,2469.0,76.6,7.59,7.1,9.35
P00543,2022,S04,Lakeview Station,Central Valley,CL-Aurora 21,Untreated Check,3,712.3,2469.0,65.7,8.28,9.3,9.3
P00544,2022,S04,Lakeview Station,Central Valley,CL-Aurora 21,Untreated Check,4,712.3,2469.0,58.9,7.41,3.4,10.85
P00545,2022,S04,Lakeview Station,Central Valley,CL-Aurora 21,Programme Alpha,1,712.3,2469.0,27.6,7.93,4.4,10.82
P00546,2022,S04,Lakeview Station,Central Valley,CL-Aurora 21,Programme Alpha,2,712.3,2469.0,24.8,8.0,2.8,10.42
P00547,2022,S04,Lakeview Station,Central Valley,CL-Aurora 21,Programme Alpha,3,712.3,2469.0,28.9,7.92,2.7,10.72
P00548,2022,S04,Lakeview Station,Central Valley,CL-Aurora 21,Programme Alpha,4,712.3,2469.0,29.7,8.03,1.7,10.51
P00549,2022,S04,Lakeview Station,Central Valley,CL-Aurora 21,Programme Bravo,1,712.3,2469.0,13.1,7.27,7.4,10.78
P00550,2022,S04,Lakeview Station,Central Valley,CL-Aurora 21,Programme Bravo,2,712.3,2469.0,12.4,7.64,8.8,10.61
P00551,2022,S04,Lakeview Station,Central Valley,CL-Aurora 21,Programme Bravo,3,712.3,2469.0,14.2,7.45,2.6,11.19
P00552,2022,S04,Lakeview Station,Central Valley,CL-Aurora 21,Programme Bravo,4,712.3,2469.0,13.1,8.28,9.9,10.71
P00553,2022,S04,Lakeview Station,Central Valley,CL-Beacon 44,Untreated Check,1,712.3,2469.0,73.1,7.79,4.0,10.52
P00554,2022,S04,Lakeview Station,Central Valley,CL-Beacon 44,Untreated Check,2,712.3,2469.0,62.9,6.96,3.6,11.44
P00555,2022,S04,Lakeview Station,Central Valley,CL-Beacon 44,Untreated Check,3,712.3,2469.0,72.6,7.49,5.1,10.59
P00556,2022,S04,Lakeview Station,Central Valley,CL-Beacon 44,Untreated Check,4,712.3,2469.0,71.0,7.6,4.2,12.01
P00557,2022,S04,Lakeview Station,Central Valley,CL-Beacon 44,Programme Alpha,1,712.3,2469.0,23.2,7.99,4.4,12.02
P00558,2022,S04,Lakeview Station,Central Valley,CL-Beacon 44,Programme Alpha,2,712.3,2469.0,25.8,7.9,2.2,11.8
P00559,2022,S04,Lakeview Station,Central Valley,CL-Beacon 44,Programme Alpha,3,712.3,2469.0,33.8,7.16,4.3,12.02
P00560,2022,S04,Lakeview Station,Central Valley,CL-Beacon 44,Programme Alpha,4,712.3,2469.0,28.6,8.79,5.2,11.65
P00561,2022,S04,Lakeview Station,Central Valley,CL-Beacon 44,Programme Bravo,1,712.3,2469.0,14.7,8.42,1.5,11.52
P00562,2022,S04,Lakeview Station,Central Valley,CL-Beacon 44,Programme Bravo,2,712.3,2469.0,10.8,8.16,1.2,12.02
P00563,2022,S04,Lakeview Station,Central Valley,CL-Beacon 44,Programme Bravo,3,712.3,2469.0,12.7,7.52,3.8,12.12
P00564,2022,S04,Lakeview Station,Central Valley,CL-Beacon 44,Programme Bravo,4,712.3,2469.0,13.0,7.46,1.6,12.1
P00565,2022,S04,Lakeview Station,Central Valley,CL-Cinder 07,Untreated Check,1,712.3,2469.0,74.0,7.95,11.3,10.03
P00566,2022,S04,Lakeview Station,Central Valley,CL-Cinder 07,Untreated Check,2,712.3,2469.0,60.0,7.34,3.1,8.78
P00567,2022,S04,Lakeview Station,Central Valley,CL-Cinder 07,Untreated Check,3,712.3,2469.0,60.7,8.73,8.2,9.57
P00568,2022,S04,Lakeview Station,Central Valley,CL-Cinder 07,Untreated Check,4,712.3,2469.0,62.9,7.95,10.4,9.71
P00569,2022,S04,Lakeview Station,Central Valley,CL-Cinder 07,Programme Alpha,1,712.3,2469.0,31.6,7.02,4.1,9.78
P00570,2022,S04,Lakeview Station,Central Valley,CL-Cinder 07,Programme Alpha,2,712.3,2469.0,21.5,8.0,2.9,10.29
P00571,2022,S04,Lakeview Station,Central Valley,CL-Cinder 07,Programme Alpha,3,712.3,2469.0,28.0,7.47,4.5,10.54
P00572,2022,S04,Lakeview Station,Central Valley,CL-Cinder 07,Programme Alpha,4,712.3,2469.0,24.8,7.62,2.9,10.08
P00573,2022,S04,Lakeview Station,Central Valley,CL-Cinder 07,Programme Bravo,1,712.3,2469.0,12.9,7.23,1.5,10.54
P00574,2022,S04,Lakeview Station,Central Valley,CL-Cinder 07,Programme Bravo,2,712.3,2469.0,13.1,7.98,1.8,10.38
P00575,2022,S04,Lakeview Station,Central Valley,CL-Cinder 07,Programme Bravo,3,712.3,2469.0,13.7,8.33,1.9,10.6
P00576,2022,S04,Lakeview Station,Central Valley,CL-Cinder 07,Programme Bravo,4,712.3,2469.0,11.9,7.6,1.9,10.21
P00577,2022,S04,Lakeview Station,Central Valley,CL-Delta 12,Untreated Check,1,712.3,2469.0,77.9,8.49,9.9,10.61
P00578,2022,S04,Lakeview Station,Central Valley,CL-Delta 12,Untreated Check,2,712.3,2469.0,64.5,7.15,4.8,10.98
P00579,2022,S04,Lakeview Station,Central Valley,CL-Delta 12,Untreated Check,3,712.3,2469.0,67.7,7.37,4.2,9.89
P00580,2022,S04,Lakeview Station,Central Valley,CL-Delta 12,Untreated Check,4,712.3,2469.0,68.3,8.6,6.8,10.33
P00581,2022,S04,Lakeview Station,Central Valley,CL-Delta 12,Programme Alpha,1,712.3,2469.0,30.5,8.04,3.6,10.3
P00582,2022,S04,Lakeview Station,Central Valley,CL-Delta 12,Programme Alpha,2,712.3,2469.0,27.4,7.59,2.9,11.71
P00583,2022,S04,Lakeview Station,Central Valley,CL-Delta 12,Programme Alpha,3,712.3,2469.0,28.3,7.42,4.5,11.76
P00584,2022,S04,Lakeview Station,Central Valley,CL-Delta 12,Programme Alpha,4,712.3,2469.0,29.5,8.1,1.8,11.69
P00585,2022,S04,Lakeview Station,Central Valley,CL-Delta 12,Programme Bravo,1,712.3,2469.0,12.4,7.85,4.4,10.88
P00586,2022,S04,Lakeview Station,Central Valley,CL-Delta 12,Programme Bravo,2,712.3,2469.0,16.1,7.88,2.8,11.86
P00587,2022,S04,Lakeview Station,Central Valley,CL-Delta 12,Programme Bravo,3,712.3,2469.0,11.0,7.78,2.7,11.69
P00588,2022,S04,Lakeview Station,Central Valley,CL-Delta 12,Programme Bravo,4,712.3,2469.0,14.1,7.25,0.9,11.09
P00589,2022,S04,Lakeview Station,Central Valley,CL-Ember 33,Untreated Check,1,712.3,2469.0,58.1,7.49,3.8,11.56
P00590,2022,S04,Lakeview Station,Central Valley,CL-Ember 33,Untreated Check,2,712.3,2469.0,68.6,7.14,11.5,10.43
P00591,2022,S04,Lakeview Station,Central Valley,CL-Ember 33,Untreated Check,3,712.3,2469.0,64.3,8.22,11.0,11.28
P00592,2022,S04,Lakeview Station,Central Valley,CL-Ember 33,Untreated Check,4,712.3,2469.0,61.0,7.76,4.8,11.09
P00593,2022,S04,Lakeview Station,Central Valley,CL-Ember 33,Programme Alpha,1,712.3,2469.0,31.9,7.89,2.7,12.25
P00594,2022,S04,Lakeview Station,Central Valley,CL-Ember 33,Programme Alpha,2,712.3,2469.0,28.4,8.11,5.7,11.6
P00595,2022,S04,Lakeview Station,Central Valley,CL-Ember 33,Programme Alpha,3,712.3,2469.0,31.3,8.36,7.9,11.48
P00596,2022,S04,Lakeview Station,Central Valley,CL-Ember 33,Programme Alpha,4,712.3,2469.0,32.3,7.56,3.8,12.41
P00597,2022,S04,Lakeview Station,Central Valley,CL-Ember 33,Programme Bravo,1,712.3,2469.0,13.0,7.6,1.9,12.74
P00598,2022,S04,Lakeview Station,Central Valley,CL-Ember 33,Programme Bravo,2,712.3,2469.0,10.8,7.61,6.1,12.41
P00599,2022,S04,Lakeview Station,Central Valley,CL-Ember 33,Programme Bravo,3,712.3,2469.0,14.4,7.38,1.6,13.09
P00600,2022,S04,Lakeview Station,Central Valley,CL-Ember 33,Programme Bravo,4,712.3,2469.0,13.9,8.17,3.4,12.0
P00601,2022,S05,Sandhill Station,Eastern Belt,CL-Aurora 21,Untreated Check,1,810.3,2571.0,54.3,7.41,4.4,8.61
P00602,2022,S05,Sandhill Station,Eastern Belt,CL-Aurora 21,Untreated Check,2,810.3,2571.0,57.4,7.69,3.4,9.1
P00603,2022,S05,Sandhill Station,Eastern Belt,CL-Aurora 21,Untreated Check,3,810.3,2571.0,44.2,7.73,9.5,9.32
P00604,2022,S05,Sandhill Station,Eastern Belt,CL-Aurora 21,Untreated Check,4,810.3,2571.0,54.4,7.48,4.9,8.69
P00605,2022,S05,Sandhill Station,Eastern Belt,CL-Aurora 21,Programme Alpha,1,810.3,2571.0,28.6,7.91,6.3,9.55
P00606,2022,S05,Sandhill Station,Eastern Belt,CL-Aurora 21,Programme Alpha,2,810.3,2571.0,23.1,7.82,3.9,10.18
P00607,2022,S05,Sandhill Station,Eastern Belt,CL-Aurora 21,Programme Alpha,3,810.3,2571.0,24.7,7.8,4.1,10.3
P00608,2022,S05,Sandhill Station,Eastern Belt,CL-Aurora 21,Programme Alpha,4,810.3,2571.0,25.1,7.78,8.1,9.89
P00609,2022,S05,Sandhill Station,Eastern Belt,CL-Aurora 21,Programme Bravo,1,810.3,2571.0,13.7,7.89,4.6,9.8
P00610,2022,S05,Sandhill Station,Eastern Belt,CL-Aurora 21,Programme Bravo,2,810.3,2571.0,12.3,7.85,3.2,9.48
P00611,2022,S05,Sandhill Station,Eastern Belt,CL-Aurora 21,Programme Bravo,3,810.3,2571.0,11.0,8.44,3.3,9.82
P00612,2022,S05,Sandhill Station,Eastern Belt,CL-Aurora 21,Programme Bravo,4,810.3,2571.0,12.0,7.53,6.3,9.41
P00613,2022,S05,Sandhill Station,Eastern Belt,CL-Beacon 44,Untreated Check,1,810.3,2571.0,48.7,8.16,4.4,11.32
P00614,2022,S05,Sandhill Station,Eastern Belt,CL-Beacon 44,Untreated Check,2,810.3,2571.0,51.6,7.75,4.3,11.23
P00615,2022,S05,Sandhill Station,Eastern Belt,CL-Beacon 44,Untreated Check,3,810.3,2571.0,50.4,7.63,4.1,10.8
P00616,2022,S05,Sandhill Station,Eastern Belt,CL-Beacon 44,Untreated Check,4,810.3,2571.0,58.5,7.87,3.8,11.17
P00617,2022,S05,Sandhill Station,Eastern Belt,CL-Beacon 44,Programme Alpha,1,810.3,2571.0,27.2,7.99,6.6,11.07
P00618,2022,S05,Sandhill Station,Eastern Belt,CL-Beacon 44,Programme Alpha,2,810.3,2571.0,25.1,8.0,2.7,10.67
P00619,2022,S05,Sandhill Station,Eastern Belt,CL-Beacon 44,Programme Alpha,3,810.3,2571.0,22.8,8.16,2.5,11.08
P00620,2022,S05,Sandhill Station,Eastern Belt,CL-Beacon 44,Programme Alpha,4,810.3,2571.0,28.4,8.06,3.9,10.79
P00621,2022,S05,Sandhill Station,Eastern Belt,CL-Beacon 44,Programme Bravo,1,810.3,2571.0,10.7,7.45,7.2,10.81
P00622,2022,S05,Sandhill Station,Eastern Belt,CL-Beacon 44,Programme Bravo,2,810.3,2571.0,12.5,8.58,2.7,11.82
P00623,2022,S05,Sandhill Station,Eastern Belt,CL-Beacon 44,Programme Bravo,3,810.3,2571.0,12.6,7.76,3.0,11.12
P00624,2022,S05,Sandhill Station,Eastern Belt,CL-Beacon 44,Programme Bravo,4,810.3,2571.0,10.0,7.77,4.4,10.61
P00625,2022,S05,Sandhill Station,Eastern Belt,CL-Cinder 07,Untreated Check,1,810.3,2571.0,57.2,8.29,4.4,9.02
P00626,2022,S05,Sandhill Station,Eastern Belt,CL-Cinder 07,Untreated Check,2,810.3,2571.0,53.7,8.14,8.3,8.79
P00627,2022,S05,Sandhill Station,Eastern Belt,CL-Cinder 07,Untreated Check,3,810.3,2571.0,55.7,7.81,4.2,8.48
P00628,2022,S05,Sandhill Station,Eastern Belt,CL-Cinder 07,Untreated Check,4,810.3,2571.0,57.0,7.9,7.6,8.78
P00629,2022,S05,Sandhill Station,Eastern Belt,CL-Cinder 07,Programme Alpha,1,810.3,2571.0,21.9,7.03,3.4,9.35
P00630,2022,S05,Sandhill Station,Eastern Belt,CL-Cinder 07,Programme Alpha,2,810.3,2571.0,22.8,7.68,5.2,9.17
P00631,2022,S05,Sandhill Station,Eastern Belt,CL-Cinder 07,Programme Alpha,3,810.3,2571.0,20.1,7.71,2.5,9.42
P00632,2022,S05,Sandhill Station,Eastern Belt,CL-Cinder 07,Programme Alpha,4,810.3,2571.0,27.0,8.03,3.3,8.91
P00633,2022,S05,Sandhill Station,Eastern Belt,CL-Cinder 07,Programme Bravo,1,810.3,2571.0,10.2,7.67,2.8,9.67
P00634,2022,S05,Sandhill Station,Eastern Belt,CL-Cinder 07,Programme Bravo,2,810.3,2571.0,11.9,7.91,1.9,9.62
P00635,2022,S05,Sandhill Station,Eastern Belt,CL-Cinder 07,Programme Bravo,3,810.3,2571.0,11.1,7.49,3.1,9.26
P00636,2022,S05,Sandhill Station,Eastern Belt,CL-Cinder 07,Programme Bravo,4,810.3,2571.0,10.3,8.39,4.0,8.91
P00637,2022,S05,Sandhill Station,Eastern Belt,CL-Delta 12,Untreated Check,1,810.3,2571.0,55.8,8.04,3.7,9.18
P00638,2022,S05,Sandhill Station,Eastern Belt,CL-Delta 12,Untreated Check,2,810.3,2571.0,60.1,7.55,3.3,9.6
P00639,2022,S05,Sandhill Station,Eastern Belt,CL-Delta 12,Untreated Check,3,810.3,2571.0,48.6,7.64,9.2,10.43
P00640,2022,S05,Sandhill Station,Eastern Belt,CL-Delta 12,Untreated Check,4,810.3,2571.0,51.4,7.7,2.9,10.0
P00641,2022,S05,Sandhill Station,Eastern Belt,CL-Delta 12,Programme Alpha,1,810.3,2571.0,23.1,7.89,11.8,9.87
P00642,2022,S05,Sandhill Station,Eastern Belt,CL-Delta 12,Programme Alpha,2,810.3,2571.0,28.5,7.94,2.8,9.9
P00643,2022,S05,Sandhill Station,Eastern Belt,CL-Delta 12,Programme Alpha,3,810.3,2571.0,23.4,7.81,1.9,10.88
P00644,2022,S05,Sandhill Station,Eastern Belt,CL-Delta 12,Programme Alpha,4,810.3,2571.0,26.5,7.59,6.3,10.02
P00645,2022,S05,Sandhill Station,Eastern Belt,CL-Delta 12,Programme Bravo,1,810.3,2571.0,10.0,7.81,3.5,10.44
P00646,2022,S05,Sandhill Station,Eastern Belt,CL-Delta 12,Programme Bravo,2,810.3,2571.0,13.0,7.6,1.9,10.32
P00647,2022,S05,Sandhill Station,Eastern Belt,CL-Delta 12,Programme Bravo,3,810.3,2571.0,11.5,7.96,2.5,10.77
P00648,2022,S05,Sandhill Station,Eastern Belt,CL-Delta 12,Programme Bravo,4,810.3,2571.0,10.7,8.15,3.2,10.59
P00649,2022,S05,Sandhill Station,Eastern Belt,CL-Ember 33,Untreated Check,1,810.3,2571.0,42.5,7.73,3.7,11.59
P00650,2022,S05,Sandhill Station,Eastern Belt,CL-Ember 33,Untreated Check,2,810.3,2571.0,46.2,7.45,4.5,9.84
P00651,2022,S05,Sandhill Station,Eastern Belt,CL-Ember 33,Untreated Check,3,810.3,2571.0,51.7,7.78,3.2,9.2
P00652,2022,S05,Sandhill Station,Eastern Belt,CL-Ember 33,Untreated Check,4,810.3,2571.0,60.9,7.79,6.8,9.5
P00653,2022,S05,Sandhill Station,Eastern Belt,CL-Ember 33,Programme Alpha,1,810.3,2571.0,24.9,7.76,2.4,11.25
P00654,2022,S05,Sandhill Station,Eastern Belt,CL-Ember 33,Programme Alpha,2,810.3,2571.0,24.7,7.99,2.7,10.53
P00655,2022,S05,Sandhill Station,Eastern Belt,CL-Ember 33,Programme Alpha,3,810.3,2571.0,18.9,8.37,4.1,10.78
P00656,2022,S05,Sandhill Station,Eastern Belt,CL-Ember 33,Programme Alpha,4,810.3,2571.0,23.5,8.03,6.8,10.59
P00657,2022,S05,Sandhill Station,Eastern Belt,CL-Ember 33,Programme Bravo,1,810.3,2571.0,9.2,7.36,1.6,10.39
P00658,2022,S05,Sandhill Station,Eastern Belt,CL-Ember 33,Programme Bravo,2,810.3,2571.0,11.4,8.2,1.6,11.05
P00659,2022,S05,Sandhill Station,Eastern Belt,CL-Ember 33,Programme Bravo,3,810.3,2571.0,11.9,8.18,2.8,11.04
P00660,2022,S05,Sandhill Station,Eastern Belt,CL-Ember 33,Programme Bravo,4,810.3,2571.0,10.2,7.64,1.2,11.41
P00661,2022,S06,High Plains Station,Eastern Belt,CL-Aurora 21,Untreated Check,1,474.2,2395.0,60.8,7.69,3.2,8.42
P00662,2022,S06,High Plains Station,Eastern Belt,CL-Aurora 21,Untreated Check,2,474.2,2395.0,65.7,7.63,6.6,9.27
P00663,2022,S06,High Plains Station,Eastern Belt,CL-Aurora 21,Untreated Check,3,474.2,2395.0,64.7,7.32,6.4,8.14
P00664,2022,S06,High Plains Station,Eastern Belt,CL-Aurora 21,Untreated Check,4,474.2,2395.0,71.0,8.47,6.1,8.9
P00665,2022,S06,High Plains Station,Eastern Belt,CL-Aurora 21,Programme Alpha,1,474.2,2395.0,29.2,8.17,4.8,9.09
P00666,2022,S06,High Plains Station,Eastern Belt,CL-Aurora 21,Programme Alpha,2,474.2,2395.0,34.9,7.96,5.4,8.64
P00667,2022,S06,High Plains Station,Eastern Belt,CL-Aurora 21,Programme Alpha,3,474.2,2395.0,35.2,7.15,2.7,8.83
P00668,2022,S06,High Plains Station,Eastern Belt,CL-Aurora 21,Programme Alpha,4,474.2,2395.0,32.4,8.27,2.5,8.56
P00669,2022,S06,High Plains Station,Eastern Belt,CL-Aurora 21,Programme Bravo,1,474.2,2395.0,15.9,7.64,6.7,8.63
P00670,2022,S06,High Plains Station,Eastern Belt,CL-Aurora 21,Programme Bravo,2,474.2,2395.0,15.0,7.77,7.7,9.04
P00671,2022,S06,High Plains Station,Eastern Belt,CL-Aurora 21,Programme Bravo,3,474.2,2395.0,9.1,7.61,2.3,9.57
P00672,2022,S06,High Plains Station,Eastern Belt,CL-Aurora 21,Programme Bravo,4,474.2,2395.0,13.8,7.78,0.9,9.35
P00673,2022,S06,High Plains Station,Eastern Belt,CL-Beacon 44,Untreated Check,1,474.2,2395.0,74.0,7.57,9.7,9.06
P00674,2022,S06,High Plains Station,Eastern Belt,CL-Beacon 44,Untreated Check,2,474.2,2395.0,59.5,7.58,8.5,9.71
P00675,2022,S06,High Plains Station,Eastern Belt,CL-Beacon 44,Untreated Check,3,474.2,2395.0,64.8,8.38,3.9,9.33
P00676,2022,S06,High Plains Station,Eastern Belt,CL-Beacon 44,Untreated Check,4,474.2,2395.0,72.0,8.1,3.8,10.13
P00677,2022,S06,High Plains Station,Eastern Belt,CL-Beacon 44,Programme Alpha,1,474.2,2395.0,30.3,7.98,4.7,9.56
P00678,2022,S06,High Plains Station,Eastern Belt,CL-Beacon 44,Programme Alpha,2,474.2,2395.0,36.9,7.78,4.0,9.51
P00679,2022,S06,High Plains Station,Eastern Belt,CL-Beacon 44,Programme Alpha,3,474.2,2395.0,25.8,7.68,3.5,10.04
P00680,2022,S06,High Plains Station,Eastern Belt,CL-Beacon 44,Programme Alpha,4,474.2,2395.0,32.0,7.86,2.4,9.39
P00681,2022,S06,High Plains Station,Eastern Belt,CL-Beacon 44,Programme Bravo,1,474.2,2395.0,16.4,7.55,3.4,10.5
P00682,2022,S06,High Plains Station,Eastern Belt,CL-Beacon 44,Programme Bravo,2,474.2,2395.0,13.0,7.41,5.8,9.7
P00683,2022,S06,High Plains Station,Eastern Belt,CL-Beacon 44,Programme Bravo,3,474.2,2395.0,13.1,7.86,12.7,9.87
P00684,2022,S06,High Plains Station,Eastern Belt,CL-Beacon 44,Programme Bravo,4,474.2,2395.0,14.2,7.38,3.8,10.4
P00685,2022,S06,High Plains Station,Eastern Belt,CL-Cinder 07,Untreated Check,1,474.2,2395.0,72.7,7.43,11.1,7.95
P00686,2022,S06,High Plains Station,Eastern Belt,CL-Cinder 07,Untreated Check,2,474.2,2395.0,76.6,7.78,9.9,7.66
P00687,2022,S06,High Plains Station,Eastern Belt,CL-Cinder 07,Untreated Check,3,474.2,2395.0,64.5,7.68,8.6,6.98
P00688,2022,S06,High Plains Station,Eastern Belt,CL-Cinder 07,Untreated Check,4,474.2,2395.0,60.6,7.55,3.9,8.13
P00689,2022,S06,High Plains Station,Eastern Belt,CL-Cinder 07,Programme Alpha,1,474.2,2395.0,30.2,7.15,4.7,8.27
P00690,2022,S06,High Plains Station,Eastern Belt,CL-Cinder 07,Programme Alpha,2,474.2,2395.0,28.0,7.61,3.7,8.97
P00691,2022,S06,High Plains Station,Eastern Belt,CL-Cinder 07,Programme Alpha,3,474.2,2395.0,29.8,7.71,4.8,8.29
P00692,2022,S06,High Plains Station,Eastern Belt,CL-Cinder 07,Programme Alpha,4,474.2,2395.0,26.7,8.23,2.0,7.94
P00693,2022,S06,High Plains Station,Eastern Belt,CL-Cinder 07,Programme Bravo,1,474.2,2395.0,11.9,8.03,4.6,9.27
P00694,2022,S06,High Plains Station,Eastern Belt,CL-Cinder 07,Programme Bravo,2,474.2,2395.0,15.4,7.87,4.1,8.85
P00695,2022,S06,High Plains Station,Eastern Belt,CL-Cinder 07,Programme Bravo,3,474.2,2395.0,11.8,8.13,3.6,8.76
P00696,2022,S06,High Plains Station,Eastern Belt,CL-Cinder 07,Programme Bravo,4,474.2,2395.0,12.9,7.85,1.8,8.53
P00697,2022,S06,High Plains Station,Eastern Belt,CL-Delta 12,Untreated Check,1,474.2,2395.0,75.3,7.45,6.2,8.32
P00698,2022,S06,High Plains Station,Eastern Belt,CL-Delta 12,Untreated Check,2,474.2,2395.0,73.9,7.92,6.8,8.37
P00699,2022,S06,High Plains Station,Eastern Belt,CL-Delta 12,Untreated Check,3,474.2,2395.0,68.3,7.27,6.1,8.53
P00700,2022,S06,High Plains Station,Eastern Belt,CL-Delta 12,Untreated Check,4,474.2,2395.0,66.4,7.71,4.6,9.22
P00701,2022,S06,High Plains Station,Eastern Belt,CL-Delta 12,Programme Alpha,1,474.2,2395.0,26.8,7.76,3.3,9.42
P00702,2022,S06,High Plains Station,Eastern Belt,CL-Delta 12,Programme Alpha,2,474.2,2395.0,27.9,8.24,3.8,9.78
P00703,2022,S06,High Plains Station,Eastern Belt,CL-Delta 12,Programme Alpha,3,474.2,2395.0,31.9,7.96,2.6,9.68
P00704,2022,S06,High Plains Station,Eastern Belt,CL-Delta 12,Programme Alpha,4,474.2,2395.0,28.9,7.87,3.2,9.92
P00705,2022,S06,High Plains Station,Eastern Belt,CL-Delta 12,Programme Bravo,1,474.2,2395.0,13.3,7.63,6.6,10.87
P00706,2022,S06,High Plains Station,Eastern Belt,CL-Delta 12,Programme Bravo,2,474.2,2395.0,11.6,7.99,2.3,10.12
P00707,2022,S06,High Plains Station,Eastern Belt,CL-Delta 12,Programme Bravo,3,474.2,2395.0,11.6,8.01,2.7,9.63
P00708,2022,S06,High Plains Station,Eastern Belt,CL-Delta 12,Programme Bravo,4,474.2,2395.0,14.5,7.79,3.5,9.98
P00709,2022,S06,High Plains Station,Eastern Belt,CL-Ember 33,Untreated Check,1,474.2,2395.0,72.2,7.71,4.9,8.72
P00710,2022,S06,High Plains Station,Eastern Belt,CL-Ember 33,Untreated Check,2,474.2,2395.0,67.2,7.75,5.6,9.03
P00711,2022,S06,High Plains Station,Eastern Belt,CL-Ember 33,Untreated Check,3,474.2,2395.0,77.3,8.09,5.0,8.5
P00712,2022,S06,High Plains Station,Eastern Belt,CL-Ember 33,Untreated Check,4,474.2,2395.0,53.0,8.18,4.8,9.03
P00713,2022,S06,High Plains Station,Eastern Belt,CL-Ember 33,Programme Alpha,1,474.2,2395.0,24.6,7.85,5.9,10.8
P00714,2022,S06,High Plains Station,Eastern Belt,CL-Ember 33,Programme Alpha,2,474.2,2395.0,26.6,7.61,4.7,9.0
P00715,2022,S06,High Plains Station,Eastern Belt,CL-Ember 33,Programme Alpha,3,474.2,2395.0,30.6,7.97,4.2,10.33
P00716,2022,S06,High Plains Station,Eastern Belt,CL-Ember 33,Programme Alpha,4,474.2,2395.0,26.7,7.66,10.3,10.07
P00717,2022,S06,High Plains Station,Eastern Belt,CL-Ember 33,Programme Bravo,1,474.2,2395.0,16.7,7.32,5.2,10.42
P00718,2022,S06,High Plains Station,Eastern Belt,CL-Ember 33,Programme Bravo,2,474.2,2395.0,14.2,7.93,1.8,10.71
P00719,2022,S06,High Plains Station,Eastern Belt,CL-Ember 33,Programme Bravo,3,474.2,2395.0,10.8,7.42,6.2,9.49
P00720,2022,S06,High Plains Station,Eastern Belt,CL-Ember 33,Programme Bravo,4,474.2,2395.0,13.2,8.2,3.8,11.36
P00721,2023,S01,North Ridge Station,Northern Plains,CL-Aurora 21,Untreated Check,1,394.8,2416.0,27.9,8.09,3.3,9.26
P00722,2023,S01,North Ridge Station,Northern Plains,CL-Aurora 21,Untreated Check,2,394.8,2416.0,30.2,7.82,5.5,8.91
P00723,2023,S01,North Ridge Station,Northern Plains,CL-Aurora 21,Untreated Check,3,394.8,2416.0,37.9,7.95,4.8,8.54
P00724,2023,S01,North Ridge Station,Northern Plains,CL-Aurora 21,Untreated Check,4,394.8,2416.0,33.1,7.89,7.1,10.03
P00725,2023,S01,North Ridge Station,Northern Plains,CL-Aurora 21,Programme Alpha,1,394.8,2416.0,12.8,7.54,2.3,8.96
P00726,2023,S01,North Ridge Station,Northern Plains,CL-Aurora 21,Programme Alpha,2,394.8,2416.0,12.8,7.49,1.7,10.27
P00727,2023,S01,North Ridge Station,Northern Plains,CL-Aurora 21,Programme Alpha,3,394.8,2416.0,16.6,8.2,6.0,9.98
P00728,2023,S01,North Ridge Station,Northern Plains,CL-Aurora 21,Programme Alpha,4,394.8,2416.0,17.5,7.95,6.6,9.51
P00729,2023,S01,North Ridge Station,Northern Plains,CL-Aurora 21,Programme Bravo,1,394.8,2416.0,6.4,7.35,2.8,9.56
P00730,2023,S01,North Ridge Station,Northern Plains,CL-Aurora 21,Programme Bravo,2,394.8,2416.0,6.2,7.33,5.1,9.23
P00731,2023,S01,North Ridge Station,Northern Plains,CL-Aurora 21,Programme Bravo,3,394.8,2416.0,6.2,7.75,0.9,10.09
P00732,2023,S01,North Ridge Station,Northern Plains,CL-Aurora 21,Programme Bravo,4,394.8,2416.0,6.3,7.77,0.9,9.95
P00733,2023,S01,North Ridge Station,Northern Plains,CL-Beacon 44,Untreated Check,1,394.8,2416.0,29.0,7.66,3.5,9.76
P00734,2023,S01,North Ridge Station,Northern Plains,CL-Beacon 44,Untreated Check,2,394.8,2416.0,29.4,7.8,2.0,10.65
P00735,2023,S01,North Ridge Station,Northern Plains,CL-Beacon 44,Untreated Check,3,394.8,2416.0,31.3,7.96,2.0,9.8
P00736,2023,S01,North Ridge Station,Northern Plains,CL-Beacon 44,Untreated Check,4,394.8,2416.0,35.1,7.85,2.4,10.1
P00737,2023,S01,North Ridge Station,Northern Plains,CL-Beacon 44,Programme Alpha,1,394.8,2416.0,12.0,8.13,2.4,9.71
P00738,2023,S01,North Ridge Station,Northern Plains,CL-Beacon 44,Programme Alpha,2,394.8,2416.0,14.7,7.87,1.9,10.2
P00739,2023,S01,North Ridge Station,Northern Plains,CL-Beacon 44,Programme Alpha,3,394.8,2416.0,14.6,7.4,4.3,10.57
P00740,2023,S01,North Ridge Station,Northern Plains,CL-Beacon 44,Programme Alpha,4,394.8,2416.0,14.3,7.61,5.1,9.98
P00741,2023,S01,North Ridge Station,Northern Plains,CL-Beacon 44,Programme Bravo,1,394.8,2416.0,6.2,8.07,0.9,10.26
P00742,2023,S01,North Ridge Station,Northern Plains,CL-Beacon 44,Programme Bravo,2,394.8,2416.0,6.5,7.73,9.4,10.14
P00743,2023,S01,North Ridge Station,Northern Plains,CL-Beacon 44,Programme Bravo,3,394.8,2416.0,6.4,8.31,2.0,10.3
P00744,2023,S01,North Ridge Station,Northern Plains,CL-Beacon 44,Programme Bravo,4,394.8,2416.0,6.4,8.52,4.2,11.06
P00745,2023,S01,North Ridge Station,Northern Plains,CL-Cinder 07,Untreated Check,1,394.8,2416.0,33.9,8.31,2.7,8.83
P00746,2023,S01,North Ridge Station,Northern Plains,CL-Cinder 07,Untreated Check,2,394.8,2416.0,37.6,7.67,3.1,9.29
P00747,2023,S01,North Ridge Station,Northern Plains,CL-Cinder 07,Untreated Check,3,394.8,2416.0,29.0,7.32,2.7,8.96
P00748,2023,S01,North Ridge Station,Northern Plains,CL-Cinder 07,Untreated Check,4,394.8,2416.0,27.8,7.95,4.5,8.94
P00749,2023,S01,North Ridge Station,Northern Plains,CL-Cinder 07,Programme Alpha,1,394.8,2416.0,16.4,7.97,1.5,9.44
P00750,2023,S01,North Ridge Station,Northern Plains,CL-Cinder 07,Programme Alpha,2,394.8,2416.0,16.0,7.49,5.0,9.24
P00751,2023,S01,North Ridge Station,Northern Plains,CL-Cinder 07,Programme Alpha,3,394.8,2416.0,13.4,8.08,1.3,7.94
P00752,2023,S01,North Ridge Station,Northern Plains,CL-Cinder 07,Programme Alpha,4,394.8,2416.0,14.8,8.01,2.9,8.87
P00753,2023,S01,North Ridge Station,Northern Plains,CL-Cinder 07,Programme Bravo,1,394.8,2416.0,6.4,7.33,6.9,9.4
P00754,2023,S01,North Ridge Station,Northern Plains,CL-Cinder 07,Programme Bravo,2,394.8,2416.0,6.9,7.85,2.0,8.62
P00755,2023,S01,North Ridge Station,Northern Plains,CL-Cinder 07,Programme Bravo,3,394.8,2416.0,6.8,8.0,2.1,9.2
P00756,2023,S01,North Ridge Station,Northern Plains,CL-Cinder 07,Programme Bravo,4,394.8,2416.0,6.4,7.93,1.4,9.85
P00757,2023,S01,North Ridge Station,Northern Plains,CL-Delta 12,Untreated Check,1,394.8,2416.0,36.1,7.54,10.7,9.8
P00758,2023,S01,North Ridge Station,Northern Plains,CL-Delta 12,Untreated Check,2,394.8,2416.0,31.4,8.29,3.5,9.24
P00759,2023,S01,North Ridge Station,Northern Plains,CL-Delta 12,Untreated Check,3,394.8,2416.0,33.8,8.06,7.7,9.93
P00760,2023,S01,North Ridge Station,Northern Plains,CL-Delta 12,Untreated Check,4,394.8,2416.0,32.0,7.85,8.1,9.47
P00761,2023,S01,North Ridge Station,Northern Plains,CL-Delta 12,Programme Alpha,1,394.8,2416.0,15.6,7.78,2.1,10.38
P00762,2023,S01,North Ridge Station,Northern Plains,CL-Delta 12,Programme Alpha,2,394.8,2416.0,15.7,7.88,2.1,10.08
P00763,2023,S01,North Ridge Station,Northern Plains,CL-Delta 12,Programme Alpha,3,394.8,2416.0,12.3,7.68,2.8,9.94
P00764,2023,S01,North Ridge Station,Northern Plains,CL-Delta 12,Programme Alpha,4,394.8,2416.0,14.3,7.89,3.4,9.24
P00765,2023,S01,North Ridge Station,Northern Plains,CL-Delta 12,Programme Bravo,1,394.8,2416.0,6.7,7.86,1.8,10.51
P00766,2023,S01,North Ridge Station,Northern Plains,CL-Delta 12,Programme Bravo,2,394.8,2416.0,5.3,7.91,6.2,9.67
P00767,2023,S01,North Ridge Station,Northern Plains,CL-Delta 12,Programme Bravo,3,394.8,2416.0,6.2,7.34,2.0,10.25
P00768,2023,S01,North Ridge Station,Northern Plains,CL-Delta 12,Programme Bravo,4,394.8,2416.0,7.3,7.58,1.9,10.3
P00769,2023,S01,North Ridge Station,Northern Plains,CL-Ember 33,Untreated Check,1,394.8,2416.0,38.3,8.22,2.2,9.33
P00770,2023,S01,North Ridge Station,Northern Plains,CL-Ember 33,Untreated Check,2,394.8,2416.0,31.6,7.89,4.9,10.39
P00771,2023,S01,North Ridge Station,Northern Plains,CL-Ember 33,Untreated Check,3,394.8,2416.0,31.7,7.47,2.4,9.98
P00772,2023,S01,North Ridge Station,Northern Plains,CL-Ember 33,Untreated Check,4,394.8,2416.0,36.1,7.98,2.8,10.59
P00773,2023,S01,North Ridge Station,Northern Plains,CL-Ember 33,Programme Alpha,1,394.8,2416.0,11.2,7.39,2.3,9.51
P00774,2023,S01,North Ridge Station,Northern Plains,CL-Ember 33,Programme Alpha,2,394.8,2416.0,13.0,8.11,3.2,10.47
P00775,2023,S01,North Ridge Station,Northern Plains,CL-Ember 33,Programme Alpha,3,394.8,2416.0,14.2,7.9,4.9,10.32
P00776,2023,S01,North Ridge Station,Northern Plains,CL-Ember 33,Programme Alpha,4,394.8,2416.0,14.2,7.42,8.2,10.14
P00777,2023,S01,North Ridge Station,Northern Plains,CL-Ember 33,Programme Bravo,1,394.8,2416.0,6.4,7.49,1.8,9.88
P00778,2023,S01,North Ridge Station,Northern Plains,CL-Ember 33,Programme Bravo,2,394.8,2416.0,6.8,8.4,3.1,10.04
P00779,2023,S01,North Ridge Station,Northern Plains,CL-Ember 33,Programme Bravo,3,394.8,2416.0,6.8,7.34,1.4,10.82
P00780,2023,S01,North Ridge Station,Northern Plains,CL-Ember 33,Programme Bravo,4,394.8,2416.0,6.3,7.95,2.7,10.95
P00781,2023,S02,Clay Flats Station,Northern Plains,CL-Aurora 21,Untreated Check,1,348.8,2613.0,38.4,7.78,6.5,9.18
P00782,2023,S02,Clay Flats Station,Northern Plains,CL-Aurora 21,Untreated Check,2,348.8,2613.0,38.7,7.61,4.9,8.16
P00783,2023,S02,Clay Flats Station,Northern Plains,CL-Aurora 21,Untreated Check,3,348.8,2613.0,37.9,8.1,3.8,8.06
P00784,2023,S02,Clay Flats Station,Northern Plains,CL-Aurora 21,Untreated Check,4,348.8,2613.0,45.1,8.14,3.9,8.14
P00785,2023,S02,Clay Flats Station,Northern Plains,CL-Aurora 21,Programme Alpha,1,348.8,2613.0,18.2,7.46,2.3,8.94
P00786,2023,S02,Clay Flats Station,Northern Plains,CL-Aurora 21,Programme Alpha,2,348.8,2613.0,14.7,7.7,3.3,8.92
P00787,2023,S02,Clay Flats Station,Northern Plains,CL-Aurora 21,Programme Alpha,3,348.8,2613.0,19.2,7.77,2.2,9.43
P00788,2023,S02,Clay Flats Station,Northern Plains,CL-Aurora 21,Programme Alpha,4,348.8,2613.0,17.8,7.28,1.8,9.18
P00789,2023,S02,Clay Flats Station,Northern Plains,CL-Aurora 21,Programme Bravo,1,348.8,2613.0,6.6,8.19,4.5,8.95
P00790,2023,S02,Clay Flats Station,Northern Plains,CL-Aurora 21,Programme Bravo,2,348.8,2613.0,9.1,7.69,5.0,9.22
P00791,2023,S02,Clay Flats Station,Northern Plains,CL-Aurora 21,Programme Bravo,3,348.8,2613.0,8.7,7.89,1.9,8.93
P00792,2023,S02,Clay Flats Station,Northern Plains,CL-Aurora 21,Programme Bravo,4,348.8,2613.0,8.1,8.42,2.7,8.25
P00793,2023,S02,Clay Flats Station,Northern Plains,CL-Beacon 44,Untreated Check,1,348.8,2613.0,40.8,7.89,4.6,9.16
P00794,2023,S02,Clay Flats Station,Northern Plains,CL-Beacon 44,Untreated Check,2,348.8,2613.0,39.7,8.37,4.9,9.72
P00795,2023,S02,Clay Flats Station,Northern Plains,CL-Beacon 44,Untreated Check,3,348.8,2613.0,44.2,7.28,4.7,9.25
P00796,2023,S02,Clay Flats Station,Northern Plains,CL-Beacon 44,Untreated Check,4,348.8,2613.0,35.2,7.4,5.2,11.1
P00797,2023,S02,Clay Flats Station,Northern Plains,CL-Beacon 44,Programme Alpha,1,348.8,2613.0,19.7,7.55,4.3,9.47
P00798,2023,S02,Clay Flats Station,Northern Plains,CL-Beacon 44,Programme Alpha,2,348.8,2613.0,18.4,7.13,3.1,9.64
P00799,2023,S02,Clay Flats Station,Northern Plains,CL-Beacon 44,Programme Alpha,3,348.8,2613.0,18.0,7.64,2.0,9.6
P00800,2023,S02,Clay Flats Station,Northern Plains,CL-Beacon 44,Programme Alpha,4,348.8,2613.0,19.1,7.6,3.3,9.66
P00801,2023,S02,Clay Flats Station,Northern Plains,CL-Beacon 44,Programme Bravo,1,348.8,2613.0,9.0,8.02,5.2,9.78
P00802,2023,S02,Clay Flats Station,Northern Plains,CL-Beacon 44,Programme Bravo,2,348.8,2613.0,9.2,7.68,8.3,9.17
P00803,2023,S02,Clay Flats Station,Northern Plains,CL-Beacon 44,Programme Bravo,3,348.8,2613.0,7.4,7.46,3.3,8.88
P00804,2023,S02,Clay Flats Station,Northern Plains,CL-Beacon 44,Programme Bravo,4,348.8,2613.0,8.6,8.25,6.8,9.95
P00805,2023,S02,Clay Flats Station,Northern Plains,CL-Cinder 07,Untreated Check,1,348.8,2613.0,43.3,7.83,6.5,7.66
P00806,2023,S02,Clay Flats Station,Northern Plains,CL-Cinder 07,Untreated Check,2,348.8,2613.0,42.9,7.63,9.2,7.68
P00807,2023,S02,Clay Flats Station,Northern Plains,CL-Cinder 07,Untreated Check,3,348.8,2613.0,48.7,8.1,3.1,7.87
P00808,2023,S02,Clay Flats Station,Northern Plains,CL-Cinder 07,Untreated Check,4,348.8,2613.0,38.4,7.92,6.5,6.91
P00809,2023,S02,Clay Flats Station,Northern Plains,CL-Cinder 07,Programme Alpha,1,348.8,2613.0,20.4,7.49,1.8,8.34
P00810,2023,S02,Clay Flats Station,Northern Plains,CL-Cinder 07,Programme Alpha,2,348.8,2613.0,19.4,7.42,2.8,8.23
P00811,2023,S02,Clay Flats Station,Northern Plains,CL-Cinder 07,Programme Alpha,3,348.8,2613.0,15.0,7.98,1.8,8.55
P00812,2023,S02,Clay Flats Station,Northern Plains,CL-Cinder 07,Programme Alpha,4,348.8,2613.0,18.7,7.85,5.4,7.65
P00813,2023,S02,Clay Flats Station,Northern Plains,CL-Cinder 07,Programme Bravo,1,348.8,2613.0,7.9,7.87,1.8,7.93
P00814,2023,S02,Clay Flats Station,Northern Plains,CL-Cinder 07,Programme Bravo,2,348.8,2613.0,7.1,7.92,7.1,8.32
P00815,2023,S02,Clay Flats Station,Northern Plains,CL-Cinder 07,Programme Bravo,3,348.8,2613.0,8.4,7.95,2.6,8.45
P00816,2023,S02,Clay Flats Station,Northern Plains,CL-Cinder 07,Programme Bravo,4,348.8,2613.0,7.2,7.54,3.6,9.08
P00817,2023,S02,Clay Flats Station,Northern Plains,CL-Delta 12,Untreated Check,1,348.8,2613.0,37.8,7.7,9.7,9.29
P00818,2023,S02,Clay Flats Station,Northern Plains,CL-Delta 12,Untreated Check,2,348.8,2613.0,42.1,7.35,2.9,8.84
P00819,2023,S02,Clay Flats Station,Northern Plains,CL-Delta 12,Untreated Check,3,348.8,2613.0,41.3,7.77,2.7,9.4
P00820,2023,S02,Clay Flats Station,Northern Plains,CL-Delta 12,Untreated Check,4,348.8,2613.0,44.7,8.07,9.5,9.66
P00821,2023,S02,Clay Flats Station,Northern Plains,CL-Delta 12,Programme Alpha,1,348.8,2613.0,18.0,7.38,1.4,9.21
P00822,2023,S02,Clay Flats Station,Northern Plains,CL-Delta 12,Programme Alpha,2,348.8,2613.0,21.1,7.36,4.7,9.31
P00823,2023,S02,Clay Flats Station,Northern Plains,CL-Delta 12,Programme Alpha,3,348.8,2613.0,17.2,8.17,2.9,9.42
P00824,2023,S02,Clay Flats Station,Northern Plains,CL-Delta 12,Programme Alpha,4,348.8,2613.0,18.0,7.65,7.3,9.11
P00825,2023,S02,Clay Flats Station,Northern Plains,CL-Delta 12,Programme Bravo,1,348.8,2613.0,6.8,7.29,1.6,9.96
P00826,2023,S02,Clay Flats Station,Northern Plains,CL-Delta 12,Programme Bravo,2,348.8,2613.0,8.1,8.39,5.3,9.09
P00827,2023,S02,Clay Flats Station,Northern Plains,CL-Delta 12,Programme Bravo,3,348.8,2613.0,8.7,8.41,3.2,9.42
P00828,2023,S02,Clay Flats Station,Northern Plains,CL-Delta 12,Programme Bravo,4,348.8,2613.0,8.5,8.42,5.8,8.89
P00829,2023,S02,Clay Flats Station,Northern Plains,CL-Ember 33,Untreated Check,1,348.8,2613.0,40.2,7.59,6.8,9.38
P00830,2023,S02,Clay Flats Station,Northern Plains,CL-Ember 33,Untreated Check,2,348.8,2613.0,32.1,7.63,4.6,9.23
P00831,2023,S02,Clay Flats Station,Northern Plains,CL-Ember 33,Untreated Check,3,348.8,2613.0,42.1,8.17,4.5,10.25
P00832,2023,S02,Clay Flats Station,Northern Plains,CL-Ember 33,Untreated Check,4,348.8,2613.0,38.7,8.1,4.3,8.77
P00833,2023,S02,Clay Flats Station,Northern Plains,CL-Ember 33,Programme Alpha,1,348.8,2613.0,20.6,7.73,5.5,9.98
P00834,2023,S02,Clay Flats Station,Northern Plains,CL-Ember 33,Programme Alpha,2,348.8,2613.0,18.0,7.77,1.2,9.81
P00835,2023,S02,Clay Flats Station,Northern Plains,CL-Ember 33,Programme Alpha,3,348.8,2613.0,17.1,7.54,1.0,9.56
P00836,2023,S02,Clay Flats Station,Northern Plains,CL-Ember 33,Programme Alpha,4,348.8,2613.0,20.4,8.03,1.4,9.56
P00837,2023,S02,Clay Flats Station,Northern Plains,CL-Ember 33,Programme Bravo,1,348.8,2613.0,7.9,8.62,2.5,10.22
P00838,2023,S02,Clay Flats Station,Northern Plains,CL-Ember 33,Programme Bravo,2,348.8,2613.0,7.9,7.93,1.3,10.93
P00839,2023,S02,Clay Flats Station,Northern Plains,CL-Ember 33,Programme Bravo,3,348.8,2613.0,7.8,7.84,5.6,10.42
P00840,2023,S02,Clay Flats Station,Northern Plains,CL-Ember 33,Programme Bravo,4,348.8,2613.0,8.8,7.53,5.4,9.37
P00841,2023,S03,River Bend Station,Central Valley,CL-Aurora 21,Untreated Check,1,439.0,2597.0,20.0,7.4,4.4,9.54
P00842,2023,S03,River Bend Station,Central Valley,CL-Aurora 21,Untreated Check,2,439.0,2597.0,22.5,7.22,2.3,10.55
P00843,2023,S03,River Bend Station,Central Valley,CL-Aurora 21,Untreated Check,3,439.0,2597.0,19.4,8.12,3.5,10.01
P00844,2023,S03,River Bend Station,Central Valley,CL-Aurora 21,Untreated Check,4,439.0,2597.0,22.3,7.78,3.6,9.63
P00845,2023,S03,River Bend Station,Central Valley,CL-Aurora 21,Programme Alpha,1,439.0,2597.0,10.8,7.77,7.0,9.09
P00846,2023,S03,River Bend Station,Central Valley,CL-Aurora 21,Programme Alpha,2,439.0,2597.0,11.4,7.88,3.8,9.94
P00847,2023,S03,River Bend Station,Central Valley,CL-Aurora 21,Programme Alpha,3,439.0,2597.0,10.0,7.86,3.4,9.79
P00848,2023,S03,River Bend Station,Central Valley,CL-Aurora 21,Programme Alpha,4,439.0,2597.0,10.4,8.02,2.0,9.92
P00849,2023,S03,River Bend Station,Central Valley,CL-Aurora 21,Programme Bravo,1,439.0,2597.0,4.7,8.0,2.8,10.84
P00850,2023,S03,River Bend Station,Central Valley,CL-Aurora 21,Programme Bravo,2,439.0,2597.0,4.1,7.88,2.2,9.77
P00851,2023,S03,River Bend Station,Central Valley,CL-Aurora 21,Programme Bravo,3,439.0,2597.0,4.9,6.69,13.7,9.63
P00852,2023,S03,River Bend Station,Central Valley,CL-Aurora 21,Programme Bravo,4,439.0,2597.0,4.5,7.69,0.7,10.2
P00853,2023,S03,River Bend Station,Central Valley,CL-Beacon 44,Untreated Check,1,439.0,2597.0,23.8,7.75,7.0,11.02
P00854,2023,S03,River Bend Station,Central Valley,CL-Beacon 44,Untreated Check,2,439.0,2597.0,19.6,8.07,1.9,10.73
P00855,2023,S03,River Bend Station,Central Valley,CL-Beacon 44,Untreated Check,3,439.0,2597.0,24.6,7.52,2.3,11.39
P00856,2023,S03,River Bend Station,Central Valley,CL-Beacon 44,Untreated Check,4,439.0,2597.0,20.8,7.44,4.4,9.49
P00857,2023,S03,River Bend Station,Central Valley,CL-Beacon 44,Programme Alpha,1,439.0,2597.0,8.9,8.04,1.8,10.4
P00858,2023,S03,River Bend Station,Central Valley,CL-Beacon 44,Programme Alpha,2,439.0,2597.0,10.3,7.23,1.7,11.09
P00859,2023,S03,River Bend Station,Central Valley,CL-Beacon 44,Programme Alpha,3,439.0,2597.0,11.3,8.17,2.3,10.49
P00860,2023,S03,River Bend Station,Central Valley,CL-Beacon 44,Programme Alpha,4,439.0,2597.0,9.3,7.68,1.9,10.45
P00861,2023,S03,River Bend Station,Central Valley,CL-Beacon 44,Programme Bravo,1,439.0,2597.0,4.9,7.46,1.4,10.99
P00862,2023,S03,River Bend Station,Central Valley,CL-Beacon 44,Programme Bravo,2,439.0,2597.0,4.3,7.81,2.8,10.5
P00863,2023,S03,River Bend Station,Central Valley,CL-Beacon 44,Programme Bravo,3,439.0,2597.0,4.1,7.72,1.5,10.34
P00864,2023,S03,River Bend Station,Central Valley,CL-Beacon 44,Programme Bravo,4,439.0,2597.0,4.7,7.71,11.0,10.9
P00865,2023,S03,River Bend Station,Central Valley,CL-Cinder 07,Untreated Check,1,439.0,2597.0,25.4,8.01,4.5,9.57
P00866,2023,S03,River Bend Station,Central Valley,CL-Cinder 07,Untreated Check,2,439.0,2597.0,23.7,7.49,3.4,9.11
P00867,2023,S03,River Bend Station,Central Valley,CL-Cinder 07,Untreated Check,3,439.0,2597.0,25.6,7.7,2.4,9.61
P00868,2023,S03,River Bend Station,Central Valley,CL-Cinder 07,Untreated Check,4,439.0,2597.0,20.4,7.77,2.5,9.62
P00869,2023,S03,River Bend Station,Central Valley,CL-Cinder 07,Programme Alpha,1,439.0,2597.0,9.4,7.45,3.4,9.69
P00870,2023,S03,River Bend Station,Central Valley,CL-Cinder 07,Programme Alpha,2,439.0,2597.0,11.6,7.8,3.2,8.84
P00871,2023,S03,River Bend Station,Central Valley,CL-Cinder 07,Programme Alpha,3,439.0,2597.0,11.4,7.97,1.1,9.05
P00872,2023,S03,River Bend Station,Central Valley,CL-Cinder 07,Programme Alpha,4,439.0,2597.0,9.0,8.49,8.0,9.75
P00873,2023,S03,River Bend Station,Central Valley,CL-Cinder 07,Programme Bravo,1,439.0,2597.0,4.9,7.06,1.9,8.08
P00874,2023,S03,River Bend Station,Central Valley,CL-Cinder 07,Programme Bravo,2,439.0,2597.0,4.7,8.11,2.2,10.0
P00875,2023,S03,River Bend Station,Central Valley,CL-Cinder 07,Programme Bravo,3,439.0,2597.0,4.9,7.48,5.1,9.58
P00876,2023,S03,River Bend Station,Central Valley,CL-Cinder 07,Programme Bravo,4,439.0,2597.0,5.1,7.64,4.9,9.74
P00877,2023,S03,River Bend Station,Central Valley,CL-Delta 12,Untreated Check,1,439.0,2597.0,23.7,8.2,3.5,10.24
P00878,2023,S03,River Bend Station,Central Valley,CL-Delta 12,Untreated Check,2,439.0,2597.0,25.3,7.39,4.1,10.75
P00879,2023,S03,River Bend Station,Central Valley,CL-Delta 12,Untreated Check,3,439.0,2597.0,21.9,8.04,4.4,9.74
P00880,2023,S03,River Bend Station,Central Valley,CL-Delta 12,Untreated Check,4,439.0,2597.0,22.9,7.75,6.8,9.55
P00881,2023,S03,River Bend Station,Central Valley,CL-Delta 12,Programme Alpha,1,439.0,2597.0,9.1,8.06,15.6,9.83
P00882,2023,S03,River Bend Station,Central Valley,CL-Delta 12,Programme Alpha,2,439.0,2597.0,10.3,7.66,3.2,9.47
P00883,2023,S03,River Bend Station,Central Valley,CL-Delta 12,Programme Alpha,3,439.0,2597.0,10.5,7.92,2.7,9.13
P00884,2023,S03,River Bend Station,Central Valley,CL-Delta 12,Programme Alpha,4,439.0,2597.0,11.1,7.45,2.9,10.9
P00885,2023,S03,River Bend Station,Central Valley,CL-Delta 12,Programme Bravo,1,439.0,2597.0,5.1,7.71,8.1,10.19
P00886,2023,S03,River Bend Station,Central Valley,CL-Delta 12,Programme Bravo,2,439.0,2597.0,5.9,7.5,4.1,10.74
P00887,2023,S03,River Bend Station,Central Valley,CL-Delta 12,Programme Bravo,3,439.0,2597.0,4.5,8.73,3.4,10.23
P00888,2023,S03,River Bend Station,Central Valley,CL-Delta 12,Programme Bravo,4,439.0,2597.0,3.9,7.48,1.9,10.49
P00889,2023,S03,River Bend Station,Central Valley,CL-Ember 33,Untreated Check,1,439.0,2597.0,20.1,7.98,2.4,10.24
P00890,2023,S03,River Bend Station,Central Valley,CL-Ember 33,Untreated Check,2,439.0,2597.0,22.5,7.53,5.8,9.91
P00891,2023,S03,River Bend Station,Central Valley,CL-Ember 33,Untreated Check,3,439.0,2597.0,23.4,7.24,5.5,11.17
P00892,2023,S03,River Bend Station,Central Valley,CL-Ember 33,Untreated Check,4,439.0,2597.0,26.2,8.18,3.1,10.18
P00893,2023,S03,River Bend Station,Central Valley,CL-Ember 33,Programme Alpha,1,439.0,2597.0,9.0,8.07,2.1,10.93
P00894,2023,S03,River Bend Station,Central Valley,CL-Ember 33,Programme Alpha,2,439.0,2597.0,9.2,8.47,0.7,11.54
P00895,2023,S03,River Bend Station,Central Valley,CL-Ember 33,Programme Alpha,3,439.0,2597.0,10.3,7.81,5.3,10.7
P00896,2023,S03,River Bend Station,Central Valley,CL-Ember 33,Programme Alpha,4,439.0,2597.0,9.2,8.15,3.8,10.53
P00897,2023,S03,River Bend Station,Central Valley,CL-Ember 33,Programme Bravo,1,439.0,2597.0,4.4,7.48,5.4,10.48
P00898,2023,S03,River Bend Station,Central Valley,CL-Ember 33,Programme Bravo,2,439.0,2597.0,3.8,7.39,2.5,10.74
P00899,2023,S03,River Bend Station,Central Valley,CL-Ember 33,Programme Bravo,3,439.0,2597.0,4.2,7.64,2.2,11.04
P00900,2023,S03,River Bend Station,Central Valley,CL-Ember 33,Programme Bravo,4,439.0,2597.0,4.6,7.06,1.2,10.9
P00901,2023,S04,Lakeview Station,Central Valley,CL-Aurora 21,Untreated Check,1,436.3,2525.0,22.8,7.47,2.8,10.59
P00902,2023,S04,Lakeview Station,Central Valley,CL-Aurora 21,Untreated Check,2,436.3,2525.0,28.3,8.57,9.7,10.33
P00903,2023,S04,Lakeview Station,Central Valley,CL-Aurora 21,Untreated Check,3,436.3,2525.0,28.2,8.16,2.9,9.57
P00904,2023,S04,Lakeview Station,Central Valley,CL-Aurora 21,Untreated Check,4,436.3,2525.0,28.7,8.02,1.7,9.94
P00905,2023,S04,Lakeview Station,Central Valley,CL-Aurora 21,Programme Alpha,1,436.3,2525.0,14.0,7.45,1.4,10.77
P00906,2023,S04,Lakeview Station,Central Valley,CL-Aurora 21,Programme Alpha,2,436.3,2525.0,11.2,7.74,3.7,9.67
P00907,2023,S04,Lakeview Station,Central Valley,CL-Aurora 21,Programme Alpha,3,436.3,2525.0,12.7,8.08,4.9,9.87
P00908,2023,S04,Lakeview Station,Central Valley,CL-Aurora 21,Programme Alpha,4,436.3,2525.0,11.7,8.08,3.7,9.21
P00909,2023,S04,Lakeview Station,Central Valley,CL-Aurora 21,Programme Bravo,1,436.3,2525.0,5.5,7.36,2.4,10.17
P00910,2023,S04,Lakeview Station,Central Valley,CL-Aurora 21,Programme Bravo,2,436.3,2525.0,5.1,7.72,1.8,9.79
P00911,2023,S04,Lakeview Station,Central Valley,CL-Aurora 21,Programme Bravo,3,436.3,2525.0,5.1,7.21,2.6,10.24
P00912,2023,S04,Lakeview Station,Central Valley,CL-Aurora 21,Programme Bravo,4,436.3,2525.0,6.9,8.03,2.6,10.46
P00913,2023,S04,Lakeview Station,Central Valley,CL-Beacon 44,Untreated Check,1,436.3,2525.0,27.4,8.2,3.3,10.73
P00914,2023,S04,Lakeview Station,Central Valley,CL-Beacon 44,Untreated Check,2,436.3,2525.0,31.4,7.58,2.1,10.7
P00915,2023,S04,Lakeview Station,Central Valley,CL-Beacon 44,Untreated Check,3,436.3,2525.0,29.9,7.28,5.8,11.06
P00916,2023,S04,Lakeview Station,Central Valley,CL-Beacon 44,Untreated Check,4,436.3,2525.0,26.9,7.96,1.4,10.4
P00917,2023,S04,Lakeview Station,Central Valley,CL-Beacon 44,Programme Alpha,1,436.3,2525.0,12.7,7.9,5.2,11.02
P00918,2023,S04,Lakeview Station,Central Valley,CL-Beacon 44,Programme Alpha,2,436.3,2525.0,11.9,8.05,2.1,11.07
P00919,2023,S04,Lakeview Station,Central Valley,CL-Beacon 44,Programme Alpha,3,436.3,2525.0,13.7,8.36,4.0,11.58
P00920,2023,S04,Lakeview Station,Central Valley,CL-Beacon 44,Programme Alpha,4,436.3,2525.0,14.9,7.64,7.1,10.48
P00921,2023,S04,Lakeview Station,Central Valley,CL-Beacon 44,Programme Bravo,1,436.3,2525.0,6.4,7.47,7.2,10.57
P00922,2023,S04,Lakeview Station,Central Valley,CL-Beacon 44,Programme Bravo,2,436.3,2525.0,6.3,7.65,1.0,10.93
P00923,2023,S04,Lakeview Station,Central Valley,CL-Beacon 44,Programme Bravo,3,436.3,2525.0,5.7,8.13,6.5,11.65
P00924,2023,S04,Lakeview Station,Central Valley,CL-Beacon 44,Programme Bravo,4,436.3,2525.0,6.3,7.38,3.2,10.81
P00925,2023,S04,Lakeview Station,Central Valley,CL-Cinder 07,Untreated Check,1,436.3,2525.0,31.1,7.59,8.6,9.3
P00926,2023,S04,Lakeview Station,Central Valley,CL-Cinder 07,Untreated Check,2,436.3,2525.0,29.1,7.8,2.9,9.74
P00927,2023,S04,Lakeview Station,Central Valley,CL-Cinder 07,Untreated Check,3,436.3,2525.0,27.9,7.65,3.6,8.97
P00928,2023,S04,Lakeview Station,Central Valley,CL-Cinder 07,Untreated Check,4,436.3,2525.0,29.1,8.13,5.3,9.65
P00929,2023,S04,Lakeview Station,Central Valley,CL-Cinder 07,Programme Alpha,1,436.3,2525.0,14.3,8.33,5.9,10.29
P00930,2023,S04,Lakeview Station,Central Valley,CL-Cinder 07,Programme Alpha,2,436.3,2525.0,11.2,7.88,2.1,9.78
P00931,2023,S04,Lakeview Station,Central Valley,CL-Cinder 07,Programme Alpha,3,436.3,2525.0,13.2,7.95,6.5,9.81
P00932,2023,S04,Lakeview Station,Central Valley,CL-Cinder 07,Programme Alpha,4,436.3,2525.0,13.2,7.28,8.9,8.98
P00933,2023,S04,Lakeview Station,Central Valley,CL-Cinder 07,Programme Bravo,1,436.3,2525.0,5.9,7.87,6.0,10.65
P00934,2023,S04,Lakeview Station,Central Valley,CL-Cinder 07,Programme Bravo,2,436.3,2525.0,5.0,7.81,4.3,10.36
P00935,2023,S04,Lakeview Station,Central Valley,CL-Cinder 07,Programme Bravo,3,436.3,2525.0,5.1,7.58,3.2,11.13
P00936,2023,S04,Lakeview Station,Central Valley,CL-Cinder 07,Programme Bravo,4,436.3,2525.0,6.0,8.34,10.5,9.83
P00937,2023,S04,Lakeview Station,Central Valley,CL-Delta 12,Untreated Check,1,436.3,2525.0,26.2,8.12,5.7,10.32
P00938,2023,S04,Lakeview Station,Central Valley,CL-Delta 12,Untreated Check,2,436.3,2525.0,33.0,7.12,4.6,9.82
P00939,2023,S04,Lakeview Station,Central Valley,CL-Delta 12,Untreated Check,3,436.3,2525.0,25.6,7.87,3.3,9.84
P00940,2023,S04,Lakeview Station,Central Valley,CL-Delta 12,Untreated Check,4,436.3,2525.0,30.0,7.64,2.8,10.8
P00941,2023,S04,Lakeview Station,Central Valley,CL-Delta 12,Programme Alpha,1,436.3,2525.0,11.8,7.17,8.2,9.99
P00942,2023,S04,Lakeview Station,Central Valley,CL-Delta 12,Programme Alpha,2,436.3,2525.0,12.8,7.89,3.5,10.36
P00943,2023,S04,Lakeview Station,Central Valley,CL-Delta 12,Programme Alpha,3,436.3,2525.0,13.9,7.55,9.3,10.65
P00944,2023,S04,Lakeview Station,Central Valley,CL-Delta 12,Programme Alpha,4,436.3,2525.0,12.5,7.9,2.7,10.83
P00945,2023,S04,Lakeview Station,Central Valley,CL-Delta 12,Programme Bravo,1,436.3,2525.0,6.2,7.98,0.4,10.4
P00946,2023,S04,Lakeview Station,Central Valley,CL-Delta 12,Programme Bravo,2,436.3,2525.0,5.4,8.31,4.9,10.69
P00947,2023,S04,Lakeview Station,Central Valley,CL-Delta 12,Programme Bravo,3,436.3,2525.0,5.5,7.85,1.6,10.9
P00948,2023,S04,Lakeview Station,Central Valley,CL-Delta 12,Programme Bravo,4,436.3,2525.0,5.1,6.9,9.1,10.31
P00949,2023,S04,Lakeview Station,Central Valley,CL-Ember 33,Untreated Check,1,436.3,2525.0,28.6,8.31,5.8,9.57
P00950,2023,S04,Lakeview Station,Central Valley,CL-Ember 33,Untreated Check,2,436.3,2525.0,27.8,7.48,4.9,10.05
P00951,2023,S04,Lakeview Station,Central Valley,CL-Ember 33,Untreated Check,3,436.3,2525.0,25.4,7.81,3.3,11.29
P00952,2023,S04,Lakeview Station,Central Valley,CL-Ember 33,Untreated Check,4,436.3,2525.0,26.9,7.8,14.0,10.05
P00953,2023,S04,Lakeview Station,Central Valley,CL-Ember 33,Programme Alpha,1,436.3,2525.0,12.2,8.22,9.4,11.13
P00954,2023,S04,Lakeview Station,Central Valley,CL-Ember 33,Programme Alpha,2,436.3,2525.0,12.5,6.9,5.5,11.03
P00955,2023,S04,Lakeview Station,Central Valley,CL-Ember 33,Programme Alpha,3,436.3,2525.0,11.7,7.4,1.3,10.2
P00956,2023,S04,Lakeview Station,Central Valley,CL-Ember 33,Programme Alpha,4,436.3,2525.0,12.3,7.91,1.3,11.16
P00957,2023,S04,Lakeview Station,Central Valley,CL-Ember 33,Programme Bravo,1,436.3,2525.0,6.1,8.01,2.5,10.56
P00958,2023,S04,Lakeview Station,Central Valley,CL-Ember 33,Programme Bravo,2,436.3,2525.0,5.7,7.76,7.1,11.11
P00959,2023,S04,Lakeview Station,Central Valley,CL-Ember 33,Programme Bravo,3,436.3,2525.0,5.3,7.74,0.8,11.6
P00960,2023,S04,Lakeview Station,Central Valley,CL-Ember 33,Programme Bravo,4,436.3,2525.0,5.1,7.26,0.7,11.71
P00961,2023,S05,Sandhill Station,Eastern Belt,CL-Aurora 21,Untreated Check,1,511.8,2497.0,21.4,7.69,1.2,8.8
P00962,2023,S05,Sandhill Station,Eastern Belt,CL-Aurora 21,Untreated Check,2,511.8,2497.0,25.3,7.57,2.6,9.15
P00963,2023,S05,Sandhill Station,Eastern Belt,CL-Aurora 21,Untreated Check,3,511.8,2497.0,17.6,7.87,5.2,8.47
P00964,2023,S05,Sandhill Station,Eastern Belt,CL-Aurora 21,Untreated Check,4,511.8,2497.0,23.1,8.1,4.9,7.99
P00965,2023,S05,Sandhill Station,Eastern Belt,CL-Aurora 21,Programme Alpha,1,511.8,2497.0,9.6,8.35,4.7,9.37
P00966,2023,S05,Sandhill Station,Eastern Belt,CL-Aurora 21,Programme Alpha,2,511.8,2497.0,9.3,7.96,1.8,8.79
P00967,2023,S05,Sandhill Station,Eastern Belt,CL-Aurora 21,Programme Alpha,3,511.8,2497.0,10.8,8.2,3.2,9.27
P00968,2023,S05,Sandhill Station,Eastern Belt,CL-Aurora 21,Programme Alpha,4,511.8,2497.0,9.5,7.71,3.7,8.83
P00969,2023,S05,Sandhill Station,Eastern Belt,CL-Aurora 21,Programme Bravo,1,511.8,2497.0,4.4,7.45,1.2,9.87
P00970,2023,S05,Sandhill Station,Eastern Belt,CL-Aurora 21,Programme Bravo,2,511.8,2497.0,4.4,7.49,1.1,8.97
P00971,2023,S05,Sandhill Station,Eastern Belt,CL-Aurora 21,Programme Bravo,3,511.8,2497.0,4.3,7.62,2.3,9.11
P00972,2023,S05,Sandhill Station,Eastern Belt,CL-Aurora 21,Programme Bravo,4,511.8,2497.0,4.6,7.88,2.6,8.67
P00973,2023,S05,Sandhill Station,Eastern Belt,CL-Beacon 44,Untreated Check,1,511.8,2497.0,20.2,8.34,1.4,10.27
P00974,2023,S05,Sandhill Station,Eastern Belt,CL-Beacon 44,Untreated Check,2,511.8,2497.0,20.3,7.8,5.9,8.87
P00975,2023,S05,Sandhill Station,Eastern Belt,CL-Beacon 44,Untreated Check,3,511.8,2497.0,22.7,7.83,6.1,9.58
P00976,2023,S05,Sandhill Station,Eastern Belt,CL-Beacon 44,Untreated Check,4,511.8,2497.0,21.0,8.18,7.7,9.76
P00977,2023,S05,Sandhill Station,Eastern Belt,CL-Beacon 44,Programme Alpha,1,511.8,2497.0,8.7,7.27,1.3,9.8
P00978,2023,S05,Sandhill Station,Eastern Belt,CL-Beacon 44,Programme Alpha,2,511.8,2497.0,8.3,7.68,0.8,9.53
P00979,2023,S05,Sandhill Station,Eastern Belt,CL-Beacon 44,Programme Alpha,3,511.8,2497.0,10.5,8.26,3.3,10.57
P00980,2023,S05,Sandhill Station,Eastern Belt,CL-Beacon 44,Programme Alpha,4,511.8,2497.0,9.7,8.12,8.3,9.45
P00981,2023,S05,Sandhill Station,Eastern Belt,CL-Beacon 44,Programme Bravo,1,511.8,2497.0,4.7,8.01,4.9,9.54
P00982,2023,S05,Sandhill Station,Eastern Belt,CL-Beacon 44,Programme Bravo,2,511.8,2497.0,4.6,8.33,3.3,9.88
P00983,2023,S05,Sandhill Station,Eastern Belt,CL-Beacon 44,Programme Bravo,3,511.8,2497.0,3.7,7.48,1.0,9.36
P00984,2023,S05,Sandhill Station,Eastern Belt,CL-Beacon 44,Programme Bravo,4,511.8,2497.0,4.4,7.44,11.4,9.28
P00985,2023,S05,Sandhill Station,Eastern Belt,CL-Cinder 07,Untreated Check,1,511.8,2497.0,17.4,7.68,1.9,8.4
P00986,2023,S05,Sandhill Station,Eastern Belt,CL-Cinder 07,Untreated Check,2,511.8,2497.0,20.7,8.01,3.4,8.97
P00987,2023,S05,Sandhill Station,Eastern Belt,CL-Cinder 07,Untreated Check,3,511.8,2497.0,21.7,8.07,3.0,8.29
P00988,2023,S05,Sandhill Station,Eastern Belt,CL-Cinder 07,Untreated Check,4,511.8,2497.0,19.1,7.84,1.6,9.35
P00989,2023,S05,Sandhill Station,Eastern Belt,CL-Cinder 07,Programme Alpha,1,511.8,2497.0,10.9,8.07,4.3,8.91
P00990,2023,S05,Sandhill Station,Eastern Belt,CL-Cinder 07,Programme Alpha,2,511.8,2497.0,10.1,7.43,3.0,8.66
P00991,2023,S05,Sandhill Station,Eastern Belt,CL-Cinder 07,Programme Alpha,3,511.8,2497.0,10.7,8.24,1.2,7.99
P00992,2023,S05,Sandhill Station,Eastern Belt,CL-Cinder 07,Programme Alpha,4,511.8,2497.0,10.9,7.95,1.0,9.12
P00993,2023,S05,Sandhill Station,Eastern Belt,CL-Cinder 07,Programme Bravo,1,511.8,2497.0,3.9,7.68,1.2,9.56
P00994,2023,S05,Sandhill Station,Eastern Belt,CL-Cinder 07,Programme Bravo,2,511.8,2497.0,4.4,8.29,2.9,8.05
P00995,2023,S05,Sandhill Station,Eastern Belt,CL-Cinder 07,Programme Bravo,3,511.8,2497.0,4.5,8.23,1.3,9.44
P00996,2023,S05,Sandhill Station,Eastern Belt,CL-Cinder 07,Programme Bravo,4,511.8,2497.0,5.0,8.47,10.0,9.63
P00997,2023,S05,Sandhill Station,Eastern Belt,CL-Delta 12,Untreated Check,1,511.8,2497.0,21.4,7.92,3.4,8.29
P00998,2023,S05,Sandhill Station,Eastern Belt,CL-Delta 12,Untreated Check,2,511.8,2497.0,20.0,7.22,3.3,9.6
P00999,2023,S05,Sandhill Station,Eastern Belt,CL-Delta 12,Untreated Check,3,511.8,2497.0,23.3,8.25,5.0,9.04
P01000,2023,S05,Sandhill Station,Eastern Belt,CL-Delta 12,Untreated Check,4,511.8,2497.0,22.4,7.66,1.4,9.48
P01001,2023,S05,Sandhill Station,Eastern Belt,CL-Delta 12,Programme Alpha,1,511.8,2497.0,10.1,7.62,5.9,9.79
P01002,2023,S05,Sandhill Station,Eastern Belt,CL-Delta 12,Programme Alpha,2,511.8,2497.0,12.1,7.45,5.0,9.26
P01003,2023,S05,Sandhill Station,Eastern Belt,CL-Delta 12,Programme Alpha,3,511.8,2497.0,10.0,7.85,4.1,10.49
P01004,2023,S05,Sandhill Station,Eastern Belt,CL-Delta 12,Programme Alpha,4,511.8,2497.0,9.4,7.95,2.4,9.81
P01005,2023,S05,Sandhill Station,Eastern Belt,CL-Delta 12,Programme Bravo,1,511.8,2497.0,4.5,7.84,3.1,9.29
P01006,2023,S05,Sandhill Station,Eastern Belt,CL-Delta 12,Programme Bravo,2,511.8,2497.0,4.5,8.04,2.5,9.44
P01007,2023,S05,Sandhill Station,Eastern Belt,CL-Delta 12,Programme Bravo,3,511.8,2497.0,4.3,7.9,3.8,10.3
P01008,2023,S05,Sandhill Station,Eastern Belt,CL-Delta 12,Programme Bravo,4,511.8,2497.0,4.5,7.84,7.7,9.26
P01009,2023,S05,Sandhill Station,Eastern Belt,CL-Ember 33,Untreated Check,1,511.8,2497.0,22.5,7.62,9.0,9.57
P01010,2023,S05,Sandhill Station,Eastern Belt,CL-Ember 33,Untreated Check,2,511.8,2497.0,17.8,7.81,3.1,10.19
P01011,2023,S05,Sandhill Station,Eastern Belt,CL-Ember 33,Untreated Check,3,511.8,2497.0,22.9,7.74,2.4,9.51
P01012,2023,S05,Sandhill Station,Eastern Belt,CL-Ember 33,Untreated Check,4,511.8,2497.0,22.0,8.39,2.6,9.84
P01013,2023,S05,Sandhill Station,Eastern Belt,CL-Ember 33,Programme Alpha,1,511.8,2497.0,10.1,7.8,1.3,10.56
P01014,2023,S05,Sandhill Station,Eastern Belt,CL-Ember 33,Programme Alpha,2,511.8,2497.0,9.4,7.71,0.8,10.01
P01015,2023,S05,Sandhill Station,Eastern Belt,CL-Ember 33,Programme Alpha,3,511.8,2497.0,9.9,8.46,6.5,9.56
P01016,2023,S05,Sandhill Station,Eastern Belt,CL-Ember 33,Programme Alpha,4,511.8,2497.0,11.4,7.39,2.0,10.39
P01017,2023,S05,Sandhill Station,Eastern Belt,CL-Ember 33,Programme Bravo,1,511.8,2497.0,4.3,7.13,4.3,10.51
P01018,2023,S05,Sandhill Station,Eastern Belt,CL-Ember 33,Programme Bravo,2,511.8,2497.0,4.6,8.62,1.4,9.82
P01019,2023,S05,Sandhill Station,Eastern Belt,CL-Ember 33,Programme Bravo,3,511.8,2497.0,4.3,7.7,1.4,10.32
P01020,2023,S05,Sandhill Station,Eastern Belt,CL-Ember 33,Programme Bravo,4,511.8,2497.0,3.9,8.37,1.5,10.26
P01021,2023,S06,High Plains Station,Eastern Belt,CL-Aurora 21,Untreated Check,1,318.0,2419.0,28.7,7.94,2.6,7.98
P01022,2023,S06,High Plains Station,Eastern Belt,CL-Aurora 21,Untreated Check,2,318.0,2419.0,27.4,7.51,4.7,7.41
P01023,2023,S06,High Plains Station,Eastern Belt,CL-Aurora 21,Untreated Check,3,318.0,2419.0,32.0,7.61,3.5,8.14
P01024,2023,S06,High Plains Station,Eastern Belt,CL-Aurora 21,Untreated Check,4,318.0,2419.0,35.3,7.44,3.1,8.21
P01025,2023,S06,High Plains Station,Eastern Belt,CL-Aurora 21,Programme Alpha,1,318.0,2419.0,12.6,8.2,2.6,9.21
P01026,2023,S06,High Plains Station,Eastern Belt,CL-Aurora 21,Programme Alpha,2,318.0,2419.0,15.1,7.91,7.1,8.88
P01027,2023,S06,High Plains Station,Eastern Belt,CL-Aurora 21,Programme Alpha,3,318.0,2419.0,12.7,7.95,4.0,9.01
P01028,2023,S06,High Plains Station,Eastern Belt,CL-Aurora 21,Programme Alpha,4,318.0,2419.0,12.6,7.36,3.9,8.57
P01029,2023,S06,High Plains Station,Eastern Belt,CL-Aurora 21,Programme Bravo,1,318.0,2419.0,6.8,7.92,4.4,8.79
P01030,2023,S06,High Plains Station,Eastern Belt,CL-Aurora 21,Programme Bravo,2,318.0,2419.0,6.7,8.13,2.1,8.5
P01031,2023,S06,High Plains Station,Eastern Belt,CL-Aurora 21,Programme Bravo,3,318.0,2419.0,6.7,7.15,6.9,7.85
P01032,2023,S06,High Plains Station,Eastern Belt,CL-Aurora 21,Programme Bravo,4,318.0,2419.0,6.4,7.91,2.2,8.99
P01033,2023,S06,High Plains Station,Eastern Belt,CL-Beacon 44,Untreated Check,1,318.0,2419.0,28.5,7.53,6.4,8.66
P01034,2023,S06,High Plains Station,Eastern Belt,CL-Beacon 44,Untreated Check,2,318.0,2419.0,34.4,8.47,2.8,8.94
P01035,2023,S06,High Plains Station,Eastern Belt,CL-Beacon 44,Untreated Check,3,318.0,2419.0,32.2,7.84,6.7,9.43
P01036,2023,S06,High Plains Station,Eastern Belt,CL-Beacon 44,Untreated Check,4,318.0,2419.0,34.2,7.33,2.6,8.15
P01037,2023,S06,High Plains Station,Eastern Belt,CL-Beacon 44,Programme Alpha,1,318.0,2419.0,12.2,8.51,8.1,9.38
P01038,2023,S06,High Plains Station,Eastern Belt,CL-Beacon 44,Programme Alpha,2,318.0,2419.0,16.9,7.66,4.6,8.58
P01039,2023,S06,High Plains Station,Eastern Belt,CL-Beacon 44,Programme Alpha,3,318.0,2419.0,13.1,7.67,1.3,9.06
P01040,2023,S06,High Plains Station,Eastern Belt,CL-Beacon 44,Programme Alpha,4,318.0,2419.0,15.4,8.42,3.5,8.58
P01041,2023,S06,High Plains Station,Eastern Belt,CL-Beacon 44,Programme Bravo,1,318.0,2419.0,7.5,7.62,1.8,8.75
P01042,2023,S06,High Plains Station,Eastern Belt,CL-Beacon 44,Programme Bravo,2,318.0,2419.0,6.8,8.17,1.8,10.03
P01043,2023,S06,High Plains Station,Eastern Belt,CL-Beacon 44,Programme Bravo,3,318.0,2419.0,6.3,8.05,7.2,8.92
P01044,2023,S06,High Plains Station,Eastern Belt,CL-Beacon 44,Programme Bravo,4,318.0,2419.0,6.9,7.81,3.5,9.09
P01045,2023,S06,High Plains Station,Eastern Belt,CL-Cinder 07,Untreated Check,1,318.0,2419.0,31.6,8.21,2.2,7.69
P01046,2023,S06,High Plains Station,Eastern Belt,CL-Cinder 07,Untreated Check,2,318.0,2419.0,27.0,8.09,3.1,7.32
P01047,2023,S06,High Plains Station,Eastern Belt,CL-Cinder 07,Untreated Check,3,318.0,2419.0,34.9,7.55,8.0,7.23
P01048,2023,S06,High Plains Station,Eastern Belt,CL-Cinder 07,Untreated Check,4,318.0,2419.0,31.2,7.85,2.0,7.34
P01049,2023,S06,High Plains Station,Eastern Belt,CL-Cinder 07,Programme Alpha,1,318.0,2419.0,13.9,7.86,6.3,7.89
P01050,2023,S06,High Plains Station,Eastern Belt,CL-Cinder 07,Programme Alpha,2,318.0,2419.0,16.5,8.09,6.7,8.61
P01051,2023,S06,High Plains Station,Eastern Belt,CL-Cinder 07,Programme Alpha,3,318.0,2419.0,13.8,7.89,4.4,7.7
P01052,2023,S06,High Plains Station,Eastern Belt,CL-Cinder 07,Programme Alpha,4,318.0,2419.0,13.7,7.54,3.2,9.18
P01053,2023,S06,High Plains Station,Eastern Belt,CL-Cinder 07,Programme Bravo,1,318.0,2419.0,5.7,7.39,5.4,8.57
P01054,2023,S06,High Plains Station,Eastern Belt,CL-Cinder 07,Programme Bravo,2,318.0,2419.0,7.3,7.65,2.2,7.55
P01055,2023,S06,High Plains Station,Eastern Belt,CL-Cinder 07,Programme Bravo,3,318.0,2419.0,6.4,7.38,1.2,8.3
P01056,2023,S06,High Plains Station,Eastern Belt,CL-Cinder 07,Programme Bravo,4,318.0,2419.0,7.0,7.77,1.1,7.54
P01057,2023,S06,High Plains Station,Eastern Belt,CL-Delta 12,Untreated Check,1,318.0,2419.0,33.5,7.89,3.9,8.72
P01058,2023,S06,High Plains Station,Eastern Belt,CL-Delta 12,Untreated Check,2,318.0,2419.0,34.7,7.7,2.4,8.37
P01059,2023,S06,High Plains Station,Eastern Belt,CL-Delta 12,Untreated Check,3,318.0,2419.0,34.3,7.99,4.5,8.57
P01060,2023,S06,High Plains Station,Eastern Belt,CL-Delta 12,Untreated Check,4,318.0,2419.0,34.6,7.78,5.3,8.64
P01061,2023,S06,High Plains Station,Eastern Belt,CL-Delta 12,Programme Alpha,1,318.0,2419.0,15.2,7.7,7.3,9.53
P01062,2023,S06,High Plains Station,Eastern Belt,CL-Delta 12,Programme Alpha,2,318.0,2419.0,14.4,8.12,5.4,8.64
P01063,2023,S06,High Plains Station,Eastern Belt,CL-Delta 12,Programme Alpha,3,318.0,2419.0,15.5,7.84,8.2,8.93
P01064,2023,S06,High Plains Station,Eastern Belt,CL-Delta 12,Programme Alpha,4,318.0,2419.0,15.9,7.79,4.3,8.96
P01065,2023,S06,High Plains Station,Eastern Belt,CL-Delta 12,Programme Bravo,1,318.0,2419.0,7.7,8.25,2.3,8.32
P01066,2023,S06,High Plains Station,Eastern Belt,CL-Delta 12,Programme Bravo,2,318.0,2419.0,6.5,8.26,5.7,8.2
P01067,2023,S06,High Plains Station,Eastern Belt,CL-Delta 12,Programme Bravo,3,318.0,2419.0,6.7,7.84,4.0,8.68
P01068,2023,S06,High Plains Station,Eastern Belt,CL-Delta 12,Programme Bravo,4,318.0,2419.0,6.7,7.68,5.8,8.63
P01069,2023,S06,High Plains Station,Eastern Belt,CL-Ember 33,Untreated Check,1,318.0,2419.0,39.5,7.58,3.7,8.92
P01070,2023,S06,High Plains Station,Eastern Belt,CL-Ember 33,Untreated Check,2,318.0,2419.0,37.5,7.95,3.0,8.79
P01071,2023,S06,High Plains Station,Eastern Belt,CL-Ember 33,Untreated Check,3,318.0,2419.0,25.9,7.9,1.7,9.14
P01072,2023,S06,High Plains Station,Eastern Belt,CL-Ember 33,Untreated Check,4,318.0,2419.0,33.6,8.16,2.9,9.09
P01073,2023,S06,High Plains Station,Eastern Belt,CL-Ember 33,Programme Alpha,1,318.0,2419.0,16.2,7.82,1.6,9.12
P01074,2023,S06,High Plains Station,Eastern Belt,CL-Ember 33,Programme Alpha,2,318.0,2419.0,15.2,7.46,6.0,9.35
P01075,2023,S06,High Plains Station,Eastern Belt,CL-Ember 33,Programme Alpha,3,318.0,2419.0,14.5,7.47,3.4,9.27
P01076,2023,S06,High Plains Station,Eastern Belt,CL-Ember 33,Programme Alpha,4,318.0,2419.0,16.2,7.91,5.0,9.06
P01077,2023,S06,High Plains Station,Eastern Belt,CL-Ember 33,Programme Bravo,1,318.0,2419.0,6.5,7.95,4.2,8.9
P01078,2023,S06,High Plains Station,Eastern Belt,CL-Ember 33,Programme Bravo,2,318.0,2419.0,6.2,7.58,3.5,9.88
P01079,2023,S06,High Plains Station,Eastern Belt,CL-Ember 33,Programme Bravo,3,318.0,2419.0,5.8,7.89,3.0,9.03
P01080,2023,S06,High Plains Station,Eastern Belt,CL-Ember 33,Programme Bravo,4,318.0,2419.0,6.0,8.09,2.3,9.72
P01081,2024,S01,North Ridge Station,Northern Plains,CL-Aurora 21,Untreated Check,1,529.6,2438.0,49.8,7.53,3.8,9.93
P01082,2024,S01,North Ridge Station,Northern Plains,CL-Aurora 21,Untreated Check,2,529.6,2438.0,66.5,7.49,5.3,9.24
P01083,2024,S01,North Ridge Station,Northern Plains,CL-Aurora 21,Untreated Check,3,529.6,2438.0,56.8,8.01,3.7,9.44
P01084,2024,S01,North Ridge Station,Northern Plains,CL-Aurora 21,Untreated Check,4,529.6,2438.0,55.7,6.88,4.8,9.07
P01085,2024,S01,North Ridge Station,Northern Plains,CL-Aurora 21,Programme Alpha,1,529.6,2438.0,24.8,7.98,2.6,10.16
P01086,2024,S01,North Ridge Station,Northern Plains,CL-Aurora 21,Programme Alpha,2,529.6,2438.0,24.0,7.58,2.8,10.18
P01087,2024,S01,North Ridge Station,Northern Plains,CL-Aurora 21,Programme Alpha,3,529.6,2438.0,26.3,8.01,4.9,10.87
P01088,2024,S01,North Ridge Station,Northern Plains,CL-Aurora 21,Programme Alpha,4,529.6,2438.0,27.8,8.15,7.8,10.46
P01089,2024,S01,North Ridge Station,Northern Plains,CL-Aurora 21,Programme Bravo,1,529.6,2438.0,12.0,7.94,4.9,10.21
P01090,2024,S01,North Ridge Station,Northern Plains,CL-Aurora 21,Programme Bravo,2,529.6,2438.0,11.5,7.75,1.7,10.51
P01091,2024,S01,North Ridge Station,Northern Plains,CL-Aurora 21,Programme Bravo,3,529.6,2438.0,12.5,8.08,8.6,10.2
P01092,2024,S01,North Ridge Station,Northern Plains,CL-Aurora 21,Programme Bravo,4,529.6,2438.0,11.6,7.73,0.9,10.63
P01093,2024,S01,North Ridge Station,Northern Plains,CL-Beacon 44,Untreated Check,1,529.6,2438.0,39.6,7.33,2.3,10.75
P01094,2024,S01,North Ridge Station,Northern Plains,CL-Beacon 44,Untreated Check,2,529.6,2438.0,51.7,8.25,9.4,11.85
P01095,2024,S01,North Ridge Station,Northern Plains,CL-Beacon 44,Untreated Check,3,529.6,2438.0,55.5,7.82,8.6,11.4
P01096,2024,S01,North Ridge Station,Northern Plains,CL-Beacon 44,Untreated Check,4,529.6,2438.0,56.2,7.96,7.5,10.93
P01097,2024,S01,North Ridge Station,Northern Plains,CL-Beacon 44,Programme Alpha,1,529.6,2438.0,28.7,7.82,5.8,11.39
P01098,2024,S01,North Ridge Station,Northern Plains,CL-Beacon 44,Programme Alpha,2,529.6,2438.0,26.7,7.8,3.3,11.84
P01099,2024,S01,North Ridge Station,Northern Plains,CL-Beacon 44,Programme Alpha,3,529.6,2438.0,28.2,7.86,3.1,10.76
P01100,2024,S01,North Ridge Station,Northern Plains,CL-Beacon 44,Programme Alpha,4,529.6,2438.0,27.2,7.81,4.8,10.76
P01101,2024,S01,North Ridge Station,Northern Plains,CL-Beacon 44,Programme Bravo,1,529.6,2438.0,12.1,7.0,6.2,11.1
P01102,2024,S01,North Ridge Station,Northern Plains,CL-Beacon 44,Programme Bravo,2,529.6,2438.0,11.8,8.05,2.9,10.86
P01103,2024,S01,North Ridge Station,Northern Plains,CL-Beacon 44,Programme Bravo,3,529.6,2438.0,10.5,8.14,6.0,11.74
P01104,2024,S01,North Ridge Station,Northern Plains,CL-Beacon 44,Programme Bravo,4,529.6,2438.0,10.5,7.53,1.7,10.84
P01105,2024,S01,North Ridge Station,Northern Plains,CL-Cinder 07,Untreated Check,1,529.6,2438.0,56.2,8.07,3.8,9.42
P01106,2024,S01,North Ridge Station,Northern Plains,CL-Cinder 07,Untreated Check,2,529.6,2438.0,57.5,7.73,6.6,9.21
P01107,2024,S01,North Ridge Station,Northern Plains,CL-Cinder 07,Untreated Check,3,529.6,2438.0,59.4,8.11,8.4,9.29
P01108,2024,S01,North Ridge Station,Northern Plains,CL-Cinder 07,Untreated Check,4,529.6,2438.0,59.6,8.03,3.9,9.81
P01109,2024,S01,North Ridge Station,Northern Plains,CL-Cinder 07,Programme Alpha,1,529.6,2438.0,25.6,7.88,3.8,9.41
P01110,2024,S01,North Ridge Station,Northern Plains,CL-Cinder 07,Programme Alpha,2,529.6,2438.0,25.7,8.05,8.8,8.88
P01111,2024,S01,North Ridge Station,Northern Plains,CL-Cinder 07,Programme Alpha,3,529.6,2438.0,23.6,7.74,2.0,10.0
P01112,2024,S01,North Ridge Station,Northern Plains,CL-Cinder 07,Programme Alpha,4,529.6,2438.0,27.5,7.98,3.1,9.34
P01113,2024,S01,North Ridge Station,Northern Plains,CL-Cinder 07,Programme Bravo,1,529.6,2438.0,11.7,7.73,3.7,10.02
P01114,2024,S01,North Ridge Station,Northern Plains,CL-Cinder 07,Programme Bravo,2,529.6,2438.0,10.7,8.19,2.1,9.74
P01115,2024,S01,North Ridge Station,Northern Plains,CL-Cinder 07,Programme Bravo,3,529.6,2438.0,13.1,8.01,0.8,9.73
P01116,2024,S01,North Ridge Station,Northern Plains,CL-Cinder 07,Programme Bravo,4,529.6,2438.0,12.1,8.4,3.4,9.7
P01117,2024,S01,North Ridge Station,Northern Plains,CL-Delta 12,Untreated Check,1,529.6,2438.0,70.0,7.52,12.5,9.9
P01118,2024,S01,North Ridge Station,Northern Plains,CL-Delta 12,Untreated Check,2,529.6,2438.0,49.0,7.25,2.8,10.78
P01119,2024,S01,North Ridge Station,Northern Plains,CL-Delta 12,Untreated Check,3,529.6,2438.0,57.4,7.64,3.7,10.13
P01120,2024,S01,North Ridge Station,Northern Plains,CL-Delta 12,Untreated Check,4,529.6,2438.0,49.3,7.54,5.1,10.4
P01121,2024,S01,North Ridge Station,Northern Plains,CL-Delta 12,Programme Alpha,1,529.6,2438.0,28.1,8.35,5.3,11.43
P01122,2024,S01,North Ridge Station,Northern Plains,CL-Delta 12,Programme Alpha,2,529.6,2438.0,23.9,7.79,7.0,10.52
P01123,2024,S01,North Ridge Station,Northern Plains,CL-Delta 12,Programme Alpha,3,529.6,2438.0,32.0,7.54,6.9,10.19
P01124,2024,S01,North Ridge Station,Northern Plains,CL-Delta 12,Programme Alpha,4,529.6,2438.0,23.6,8.15,9.1,10.53
P01125,2024,S01,North Ridge Station,Northern Plains,CL-Delta 12,Programme Bravo,1,529.6,2438.0,9.7,8.1,3.8,10.57
P01126,2024,S01,North Ridge Station,Northern Plains,CL-Delta 12,Programme Bravo,2,529.6,2438.0,12.3,7.95,7.0,10.04
P01127,2024,S01,North Ridge Station,Northern Plains,CL-Delta 12,Programme Bravo,3,529.6,2438.0,10.4,7.25,5.0,10.91
P01128,2024,S01,North Ridge Station,Northern Plains,CL-Delta 12,Programme Bravo,4,529.6,2438.0,9.7,7.89,2.5,10.67
P01129,2024,S01,North Ridge Station,Northern Plains,CL-Ember 33,Untreated Check,1,529.6,2438.0,53.0,7.52,6.4,11.28
P01130,2024,S01,North Ridge Station,Northern Plains,CL-Ember 33,Untreated Check,2,529.6,2438.0,59.1,8.07,5.5,10.75
P01131,2024,S01,North Ridge Station,Northern Plains,CL-Ember 33,Untreated Check,3,529.6,2438.0,47.5,8.21,6.0,10.76
P01132,2024,S01,North Ridge Station,Northern Plains,CL-Ember 33,Untreated Check,4,529.6,2438.0,51.8,8.02,4.6,10.83
P01133,2024,S01,North Ridge Station,Northern Plains,CL-Ember 33,Programme Alpha,1,529.6,2438.0,22.2,7.68,4.5,10.87
P01134,2024,S01,North Ridge Station,Northern Plains,CL-Ember 33,Programme Alpha,2,529.6,2438.0,25.1,7.87,3.1,11.68
P01135,2024,S01,North Ridge Station,Northern Plains,CL-Ember 33,Programme Alpha,3,529.6,2438.0,26.3,7.82,7.7,10.66
P01136,2024,S01,North Ridge Station,Northern Plains,CL-Ember 33,Programme Alpha,4,529.6,2438.0,25.8,7.88,3.6,11.36
P01137,2024,S01,North Ridge Station,Northern Plains,CL-Ember 33,Programme Bravo,1,529.6,2438.0,11.7,7.71,3.1,11.16
P01138,2024,S01,North Ridge Station,Northern Plains,CL-Ember 33,Programme Bravo,2,529.6,2438.0,10.7,8.12,2.5,10.93
P01139,2024,S01,North Ridge Station,Northern Plains,CL-Ember 33,Programme Bravo,3,529.6,2438.0,12.5,7.48,1.3,11.35
P01140,2024,S01,North Ridge Station,Northern Plains,CL-Ember 33,Programme Bravo,4,529.6,2438.0,11.5,8.78,1.0,11.61
P01141,2024,S02,Clay Flats Station,Northern Plains,CL-Aurora 21,Untreated Check,1,496.5,2512.0,56.9,7.77,5.4,9.42
P01142,2024,S02,Clay Flats Station,Northern Plains,CL-Aurora 21,Untreated Check,2,496.5,2512.0,72.3,7.47,5.4,7.84
P01143,2024,S02,Clay Flats Station,Northern Plains,CL-Aurora 21,Untreated Check,3,496.5,2512.0,73.0,7.87,6.5,9.0
P01144,2024,S02,Clay Flats Station,Northern Plains,CL-Aurora 21,Untreated Check,4,496.5,2512.0,70.7,7.5,4.0,8.05
P01145,2024,S02,Clay Flats Station,Northern Plains,CL-Aurora 21,Programme Alpha,1,496.5,2512.0,32.9,8.04,4.8,9.32
P01146,2024,S02,Clay Flats Station,Northern Plains,CL-Aurora 21,Programme Alpha,2,496.5,2512.0,31.5,7.82,6.0,9.12
P01147,2024,S02,Clay Flats Station,Northern Plains,CL-Aurora 21,Programme Alpha,3,496.5,2512.0,31.6,8.4,3.8,9.37
P01148,2024,S02,Clay Flats Station,Northern Plains,CL-Aurora 21,Programme Alpha,4,496.5,2512.0,25.7,7.2,5.2,8.86
P01149,2024,S02,Clay Flats Station,Northern Plains,CL-Aurora 21,Programme Bravo,1,496.5,2512.0,12.9,7.45,1.0,9.89
P01150,2024,S02,Clay Flats Station,Northern Plains,CL-Aurora 21,Programme Bravo,2,496.5,2512.0,13.9,7.98,3.8,9.31
P01151,2024,S02,Clay Flats Station,Northern Plains,CL-Aurora 21,Programme Bravo,3,496.5,2512.0,12.5,7.6,3.5,9.63
P01152,2024,S02,Clay Flats Station,Northern Plains,CL-Aurora 21,Programme Bravo,4,496.5,2512.0,12.4,7.6,3.1,9.56
P01153,2024,S02,Clay Flats Station,Northern Plains,CL-Beacon 44,Untreated Check,1,496.5,2512.0,55.1,7.86,9.6,10.74
P01154,2024,S02,Clay Flats Station,Northern Plains,CL-Beacon 44,Untreated Check,2,496.5,2512.0,66.4,8.23,6.8,9.2
P01155,2024,S02,Clay Flats Station,Northern Plains,CL-Beacon 44,Untreated Check,3,496.5,2512.0,69.0,8.26,6.8,10.06
P01156,2024,S02,Clay Flats Station,Northern Plains,CL-Beacon 44,Untreated Check,4,496.5,2512.0,57.6,7.54,3.8,10.13
P01157,2024,S02,Clay Flats Station,Northern Plains,CL-Beacon 44,Programme Alpha,1,496.5,2512.0,33.4,7.97,3.9,11.57
P01158,2024,S02,Clay Flats Station,Northern Plains,CL-Beacon 44,Programme Alpha,2,496.5,2512.0,29.7,7.53,6.2,9.84
P01159,2024,S02,Clay Flats Station,Northern Plains,CL-Beacon 44,Programme Alpha,3,496.5,2512.0,29.3,8.3,5.8,10.08
P01160,2024,S02,Clay Flats Station,Northern Plains,CL-Beacon 44,Programme Alpha,4,496.5,2512.0,28.4,7.71,4.7,10.73
P01161,2024,S02,Clay Flats Station,Northern Plains,CL-Beacon 44,Programme Bravo,1,496.5,2512.0,13.6,7.56,2.1,10.64
P01162,2024,S02,Clay Flats Station,Northern Plains,CL-Beacon 44,Programme Bravo,2,496.5,2512.0,15.8,7.9,2.3,11.16
P01163,2024,S02,Clay Flats Station,Northern Plains,CL-Beacon 44,Programme Bravo,3,496.5,2512.0,14.2,8.4,0.7,10.53
P01164,2024,S02,Clay Flats Station,Northern Plains,CL-Beacon 44,Programme Bravo,4,496.5,2512.0,13.5,7.71,7.5,10.38
P01165,2024,S02,Clay Flats Station,Northern Plains,CL-Cinder 07,Untreated Check,1,496.5,2512.0,70.0,8.21,6.6,8.03
P01166,2024,S02,Clay Flats Station,Northern Plains,CL-Cinder 07,Untreated Check,2,496.5,2512.0,67.0,8.31,7.1,7.03
P01167,2024,S02,Clay Flats Station,Northern Plains,CL-Cinder 07,Untreated Check,3,496.5,2512.0,62.8,7.7,9.2,8.28
P01168,2024,S02,Clay Flats Station,Northern Plains,CL-Cinder 07,Untreated Check,4,496.5,2512.0,66.6,8.08,6.9,8.85
P01169,2024,S02,Clay Flats Station,Northern Plains,CL-Cinder 07,Programme Alpha,1,496.5,2512.0,29.6,8.15,3.0,8.81
P01170,2024,S02,Clay Flats Station,Northern Plains,CL-Cinder 07,Programme Alpha,2,496.5,2512.0,30.4,7.94,4.3,9.31
P01171,2024,S02,Clay Flats Station,Northern Plains,CL-Cinder 07,Programme Alpha,3,496.5,2512.0,29.3,7.73,3.1,8.52
P01172,2024,S02,Clay Flats Station,Northern Plains,CL-Cinder 07,Programme Alpha,4,496.5,2512.0,28.7,7.58,3.8,9.37
P01173,2024,S02,Clay Flats Station,Northern Plains,CL-Cinder 07,Programme Bravo,1,496.5,2512.0,12.7,7.28,5.7,8.81
P01174,2024,S02,Clay Flats Station,Northern Plains,CL-Cinder 07,Programme Bravo,2,496.5,2512.0,11.1,7.98,1.7,9.49
P01175,2024,S02,Clay Flats Station,Northern Plains,CL-Cinder 07,Programme Bravo,3,496.5,2512.0,13.8,7.66,1.3,9.2
P01176,2024,S02,Clay Flats Station,Northern Plains,CL-Cinder 07,Programme Bravo,4,496.5,2512.0,13.3,8.01,4.4,9.54
P01177,2024,S02,Clay Flats Station,Northern Plains,CL-Delta 12,Untreated Check,1,496.5,2512.0,59.7,8.05,4.4,8.75
P01178,2024,S02,Clay Flats Station,Northern Plains,CL-Delta 12,Untreated Check,2,496.5,2512.0,71.4,7.9,7.3,9.82
P01179,2024,S02,Clay Flats Station,Northern Plains,CL-Delta 12,Untreated Check,3,496.5,2512.0,68.7,8.05,6.7,9.79
P01180,2024,S02,Clay Flats Station,Northern Plains,CL-Delta 12,Untreated Check,4,496.5,2512.0,70.5,7.31,8.5,8.02
P01181,2024,S02,Clay Flats Station,Northern Plains,CL-Delta 12,Programme Alpha,1,496.5,2512.0,25.4,7.4,4.7,9.52
P01182,2024,S02,Clay Flats Station,Northern Plains,CL-Delta 12,Programme Alpha,2,496.5,2512.0,30.5,7.87,2.5,9.79
P01183,2024,S02,Clay Flats Station,Northern Plains,CL-Delta 12,Programme Alpha,3,496.5,2512.0,27.6,7.63,1.8,10.0
P01184,2024,S02,Clay Flats Station,Northern Plains,CL-Delta 12,Programme Alpha,4,496.5,2512.0,29.3,7.74,3.0,9.74
P01185,2024,S02,Clay Flats Station,Northern Plains,CL-Delta 12,Programme Bravo,1,496.5,2512.0,13.3,7.98,6.6,10.89
P01186,2024,S02,Clay Flats Station,Northern Plains,CL-Delta 12,Programme Bravo,2,496.5,2512.0,14.2,8.02,3.5,9.65
P01187,2024,S02,Clay Flats Station,Northern Plains,CL-Delta 12,Programme Bravo,3,496.5,2512.0,14.5,7.77,10.6,9.58
P01188,2024,S02,Clay Flats Station,Northern Plains,CL-Delta 12,Programme Bravo,4,496.5,2512.0,13.5,8.14,3.0,10.28
P01189,2024,S02,Clay Flats Station,Northern Plains,CL-Ember 33,Untreated Check,1,496.5,2512.0,76.2,7.63,6.4,8.57
P01190,2024,S02,Clay Flats Station,Northern Plains,CL-Ember 33,Untreated Check,2,496.5,2512.0,62.6,7.71,3.5,9.27
P01191,2024,S02,Clay Flats Station,Northern Plains,CL-Ember 33,Untreated Check,3,496.5,2512.0,70.1,7.59,8.3,9.19
P01192,2024,S02,Clay Flats Station,Northern Plains,CL-Ember 33,Untreated Check,4,496.5,2512.0,74.9,7.71,4.6,8.36
P01193,2024,S02,Clay Flats Station,Northern Plains,CL-Ember 33,Programme Alpha,1,496.5,2512.0,26.5,8.05,3.8,10.05
P01194,2024,S02,Clay Flats Station,Northern Plains,CL-Ember 33,Programme Alpha,2,496.5,2512.0,35.4,7.47,8.7,9.31
P01195,2024,S02,Clay Flats Station,Northern Plains,CL-Ember 33,Programme Alpha,3,496.5,2512.0,31.8,8.0,3.5,10.48
P01196,2024,S02,Clay Flats Station,Northern Plains,CL-Ember 33,Programme Alpha,4,496.5,2512.0,37.5,8.04,3.4,10.02
P01197,2024,S02,Clay Flats Station,Northern Plains,CL-Ember 33,Programme Bravo,1,496.5,2512.0,11.3,7.26,2.5,10.1
P01198,2024,S02,Clay Flats Station,Northern Plains,CL-Ember 33,Programme Bravo,2,496.5,2512.0,14.0,8.41,3.0,10.86
P01199,2024,S02,Clay Flats Station,Northern Plains,CL-Ember 33,Programme Bravo,3,496.5,2512.0,12.2,7.24,3.3,11.38
P01200,2024,S02,Clay Flats Station,Northern Plains,CL-Ember 33,Programme Bravo,4,496.5,2512.0,11.4,8.24,6.3,11.13
P01201,2024,S03,River Bend Station,Central Valley,CL-Aurora 21,Untreated Check,1,623.3,2537.0,42.9,8.37,2.3,10.03
P01202,2024,S03,River Bend Station,Central Valley,CL-Aurora 21,Untreated Check,2,623.3,2537.0,52.1,7.26,8.4,9.89
P01203,2024,S03,River Bend Station,Central Valley,CL-Aurora 21,Untreated Check,3,623.3,2537.0,44.8,7.76,3.2,9.5
P01204,2024,S03,River Bend Station,Central Valley,CL-Aurora 21,Untreated Check,4,623.3,2537.0,50.5,7.58,4.5,10.01
P01205,2024,S03,River Bend Station,Central Valley,CL-Aurora 21,Programme Alpha,1,623.3,2537.0,19.8,7.72,2.8,10.39
P01206,2024,S03,River Bend Station,Central Valley,CL-Aurora 21,Programme Alpha,2,623.3,2537.0,19.7,7.61,5.8,9.95
P01207,2024,S03,River Bend Station,Central Valley,CL-Aurora 21,Programme Alpha,3,623.3,2537.0,20.0,8.06,3.3,9.9
P01208,2024,S03,River Bend Station,Central Valley,CL-Aurora 21,Programme Alpha,4,623.3,2537.0,20.2,7.56,7.5,10.45
P01209,2024,S03,River Bend Station,Central Valley,CL-Aurora 21,Programme Bravo,1,623.3,2537.0,9.0,7.93,2.0,10.54
P01210,2024,S03,River Bend Station,Central Valley,CL-Aurora 21,Programme Bravo,2,623.3,2537.0,8.8,7.92,6.0,10.91
P01211,2024,S03,River Bend Station,Central Valley,CL-Aurora 21,Programme Bravo,3,623.3,2537.0,8.1,8.39,4.2,10.7
P01212,2024,S03,River Bend Station,Central Valley,CL-Aurora 21,Programme Bravo,4,623.3,2537.0,9.0,7.42,2.5,10.89
P01213,2024,S03,River Bend Station,Central Valley,CL-Beacon 44,Untreated Check,1,623.3,2537.0,41.1,7.86,2.6,11.04
P01214,2024,S03,River Bend Station,Central Valley,CL-Beacon 44,Untreated Check,2,623.3,2537.0,46.7,8.11,3.9,11.08
P01215,2024,S03,River Bend Station,Central Valley,CL-Beacon 44,Untreated Check,3,623.3,2537.0,44.2,7.78,12.3,11.03
P01216,2024,S03,River Bend Station,Central Valley,CL-Beacon 44,Untreated Check,4,623.3,2537.0,47.3,7.75,4.9,12.23
P01217,2024,S03,River Bend Station,Central Valley,CL-Beacon 44,Programme Alpha,1,623.3,2537.0,20.5,7.87,5.6,11.01
P01218,2024,S03,River Bend Station,Central Valley,CL-Beacon 44,Programme Alpha,2,623.3,2537.0,21.3,7.65,1.5,10.45
P01219,2024,S03,River Bend Station,Central Valley,CL-Beacon 44,Programme Alpha,3,623.3,2537.0,24.0,7.54,10.6,11.09
P01220,2024,S03,River Bend Station,Central Valley,CL-Beacon 44,Programme Alpha,4,623.3,2537.0,22.6,7.7,2.5,11.97
P01221,2024,S03,River Bend Station,Central Valley,CL-Beacon 44,Programme Bravo,1,623.3,2537.0,10.2,8.07,2.5,11.67
P01222,2024,S03,River Bend Station,Central Valley,CL-Beacon 44,Programme Bravo,2,623.3,2537.0,8.1,8.18,3.5,11.24
P01223,2024,S03,River Bend Station,Central Valley,CL-Beacon 44,Programme Bravo,3,623.3,2537.0,9.5,7.58,4.2,11.95
P01224,2024,S03,River Bend Station,Central Valley,CL-Beacon 44,Programme Bravo,4,623.3,2537.0,9.8,7.87,1.5,12.28
P01225,2024,S03,River Bend Station,Central Valley,CL-Cinder 07,Untreated Check,1,623.3,2537.0,49.7,7.69,4.3,8.84
P01226,2024,S03,River Bend Station,Central Valley,CL-Cinder 07,Untreated Check,2,623.3,2537.0,40.3,7.91,2.4,9.08
P01227,2024,S03,River Bend Station,Central Valley,CL-Cinder 07,Untreated Check,3,623.3,2537.0,42.9,7.61,9.6,8.84
P01228,2024,S03,River Bend Station,Central Valley,CL-Cinder 07,Untreated Check,4,623.3,2537.0,54.3,7.78,11.4,9.73
P01229,2024,S03,River Bend Station,Central Valley,CL-Cinder 07,Programme Alpha,1,623.3,2537.0,20.5,7.23,3.0,9.86
P01230,2024,S03,River Bend Station,Central Valley,CL-Cinder 07,Programme Alpha,2,623.3,2537.0,18.6,7.19,1.3,10.02
P01231,2024,S03,River Bend Station,Central Valley,CL-Cinder 07,Programme Alpha,3,623.3,2537.0,19.0,7.36,1.8,10.49
P01232,2024,S03,River Bend Station,Central Valley,CL-Cinder 07,Programme Alpha,4,623.3,2537.0,22.1,6.92,1.9,10.29
P01233,2024,S03,River Bend Station,Central Valley,CL-Cinder 07,Programme Bravo,1,623.3,2537.0,9.6,7.67,3.6,9.97
P01234,2024,S03,River Bend Station,Central Valley,CL-Cinder 07,Programme Bravo,2,623.3,2537.0,8.9,7.16,3.5,9.78
P01235,2024,S03,River Bend Station,Central Valley,CL-Cinder 07,Programme Bravo,3,623.3,2537.0,7.8,7.85,2.0,8.95
P01236,2024,S03,River Bend Station,Central Valley,CL-Cinder 07,Programme Bravo,4,623.3,2537.0,10.2,7.82,6.3,9.69
P01237,2024,S03,River Bend Station,Central Valley,CL-Delta 12,Untreated Check,1,623.3,2537.0,47.8,8.3,5.1,9.96
P01238,2024,S03,River Bend Station,Central Valley,CL-Delta 12,Untreated Check,2,623.3,2537.0,45.5,7.73,4.0,11.12
P01239,2024,S03,River Bend Station,Central Valley,CL-Delta 12,Untreated Check,3,623.3,2537.0,51.0,7.78,5.1,10.12
P01240,2024,S03,River Bend Station,Central Valley,CL-Delta 12,Untreated Check,4,623.3,2537.0,45.6,7.66,5.7,10.6
P01241,2024,S03,River Bend Station,Central Valley,CL-Delta 12,Programme Alpha,1,623.3,2537.0,19.1,8.32,1.3,11.81
P01242,2024,S03,River Bend Station,Central Valley,CL-Delta 12,Programme Alpha,2,623.3,2537.0,18.2,7.87,3.5,11.01
P01243,2024,S03,River Bend Station,Central Valley,CL-Delta 12,Programme Alpha,3,623.3,2537.0,24.2,8.37,5.2,11.58
P01244,2024,S03,River Bend Station,Central Valley,CL-Delta 12,Programme Alpha,4,623.3,2537.0,22.6,7.53,3.5,11.68
P01245,2024,S03,River Bend Station,Central Valley,CL-Delta 12,Programme Bravo,1,623.3,2537.0,7.7,7.82,1.1,11.52
P01246,2024,S03,River Bend Station,Central Valley,CL-Delta 12,Programme Bravo,2,623.3,2537.0,10.2,7.48,2.4,11.11
P01247,2024,S03,River Bend Station,Central Valley,CL-Delta 12,Programme Bravo,3,623.3,2537.0,9.3,7.71,8.5,11.52
P01248,2024,S03,River Bend Station,Central Valley,CL-Delta 12,Programme Bravo,4,623.3,2537.0,7.6,8.04,4.5,11.52
P01249,2024,S03,River Bend Station,Central Valley,CL-Ember 33,Untreated Check,1,623.3,2537.0,43.8,8.21,2.4,10.55
P01250,2024,S03,River Bend Station,Central Valley,CL-Ember 33,Untreated Check,2,623.3,2537.0,39.3,7.42,2.9,11.14
P01251,2024,S03,River Bend Station,Central Valley,CL-Ember 33,Untreated Check,3,623.3,2537.0,46.6,8.25,4.0,10.86
P01252,2024,S03,River Bend Station,Central Valley,CL-Ember 33,Untreated Check,4,623.3,2537.0,49.3,7.67,3.5,11.24
P01253,2024,S03,River Bend Station,Central Valley,CL-Ember 33,Programme Alpha,1,623.3,2537.0,19.8,7.8,4.4,10.61
P01254,2024,S03,River Bend Station,Central Valley,CL-Ember 33,Programme Alpha,2,623.3,2537.0,20.5,7.93,3.8,11.49
P01255,2024,S03,River Bend Station,Central Valley,CL-Ember 33,Programme Alpha,3,623.3,2537.0,21.3,7.44,4.4,12.11
P01256,2024,S03,River Bend Station,Central Valley,CL-Ember 33,Programme Alpha,4,623.3,2537.0,21.7,8.14,2.5,12.5
P01257,2024,S03,River Bend Station,Central Valley,CL-Ember 33,Programme Bravo,1,623.3,2537.0,9.6,7.86,6.9,11.39
P01258,2024,S03,River Bend Station,Central Valley,CL-Ember 33,Programme Bravo,2,623.3,2537.0,9.1,7.77,2.3,11.85
P01259,2024,S03,River Bend Station,Central Valley,CL-Ember 33,Programme Bravo,3,623.3,2537.0,10.3,7.8,0.5,12.4
P01260,2024,S03,River Bend Station,Central Valley,CL-Ember 33,Programme Bravo,4,623.3,2537.0,9.3,8.25,0.7,11.98
P01261,2024,S04,Lakeview Station,Central Valley,CL-Aurora 21,Untreated Check,1,657.9,2495.0,43.5,8.16,2.6,10.29
P01262,2024,S04,Lakeview Station,Central Valley,CL-Aurora 21,Untreated Check,2,657.9,2495.0,46.5,7.56,4.6,9.21
P01263,2024,S04,Lakeview Station,Central Valley,CL-Aurora 21,Untreated Check,3,657.9,2495.0,41.0,8.16,4.4,10.55
P01264,2024,S04,Lakeview Station,Central Valley,CL-Aurora 21,Untreated Check,4,657.9,2495.0,41.0,7.72,6.2,10.38
P01265,2024,S04,Lakeview Station,Central Valley,CL-Aurora 21,Programme Alpha,1,657.9,2495.0,25.0,7.88,2.3,11.24
P01266,2024,S04,Lakeview Station,Central Valley,CL-Aurora 21,Programme Alpha,2,657.9,2495.0,24.8,7.9,4.4,10.42
P01267,2024,S04,Lakeview Station,Central Valley,CL-Aurora 21,Programme Alpha,3,657.9,2495.0,22.1,7.46,3.9,11.19
P01268,2024,S04,Lakeview Station,Central Valley,CL-Aurora 21,Programme Alpha,4,657.9,2495.0,23.2,7.88,7.1,10.97
P01269,2024,S04,Lakeview Station,Central Valley,CL-Aurora 21,Programme Bravo,1,657.9,2495.0,9.7,7.58,1.4,11.12
P01270,2024,S04,Lakeview Station,Central Valley,CL-Aurora 21,Programme Bravo,2,657.9,2495.0,10.0,7.02,1.3,10.83
P01271,2024,S04,Lakeview Station,Central Valley,CL-Aurora 21,Programme Bravo,3,657.9,2495.0,9.5,7.7,2.4,10.41
P01272,2024,S04,Lakeview Station,Central Valley,CL-Aurora 21,Programme Bravo,4,657.9,2495.0,9.4,7.94,1.9,11.36
P01273,2024,S04,Lakeview Station,Central Valley,CL-Beacon 44,Untreated Check,1,657.9,2495.0,61.0,7.46,7.3,11.97
P01274,2024,S04,Lakeview Station,Central Valley,CL-Beacon 44,Untreated Check,2,657.9,2495.0,53.4,7.77,3.6,10.86
P01275,2024,S04,Lakeview Station,Central Valley,CL-Beacon 44,Untreated Check,3,657.9,2495.0,49.1,7.18,6.3,12.03
P01276,2024,S04,Lakeview Station,Central Valley,CL-Beacon 44,Untreated Check,4,657.9,2495.0,46.5,8.08,7.2,11.9
P01277,2024,S04,Lakeview Station,Central Valley,CL-Beacon 44,Programme Alpha,1,657.9,2495.0,20.4,7.69,4.3,12.1
P01278,2024,S04,Lakeview Station,Central Valley,CL-Beacon 44,Programme Alpha,2,657.9,2495.0,24.9,8.04,2.1,11.96
P01279,2024,S04,Lakeview Station,Central Valley,CL-Beacon 44,Programme Alpha,3,657.9,2495.0,23.7,7.11,6.2,12.3
P01280,2024,S04,Lakeview Station,Central Valley,CL-Beacon 44,Programme Alpha,4,657.9,2495.0,21.3,7.44,3.7,12.01
P01281,2024,S04,Lakeview Station,Central Valley,CL-Beacon 44,Programme Bravo,1,657.9,2495.0,10.9,7.5,3.0,11.53
P01282,2024,S04,Lakeview Station,Central Valley,CL-Beacon 44,Programme Bravo,2,657.9,2495.0,9.5,7.52,0.6,11.99
P01283,2024,S04,Lakeview Station,Central Valley,CL-Beacon 44,Programme Bravo,3,657.9,2495.0,9.7,7.92,3.4,11.73
P01284,2024,S04,Lakeview Station,Central Valley,CL-Beacon 44,Programme Bravo,4,657.9,2495.0,9.7,7.4,8.2,12.84
P01285,2024,S04,Lakeview Station,Central Valley,CL-Cinder 07,Untreated Check,1,657.9,2495.0,55.0,7.43,5.6,9.42
P01286,2024,S04,Lakeview Station,Central Valley,CL-Cinder 07,Untreated Check,2,657.9,2495.0,49.7,7.4,5.3,9.53
P01287,2024,S04,Lakeview Station,Central Valley,CL-Cinder 07,Untreated Check,3,657.9,2495.0,48.7,7.87,6.5,9.64
P01288,2024,S04,Lakeview Station,Central Valley,CL-Cinder 07,Untreated Check,4,657.9,2495.0,40.6,7.77,8.3,9.65
P01289,2024,S04,Lakeview Station,Central Valley,CL-Cinder 07,Programme Alpha,1,657.9,2495.0,20.6,7.16,1.2,10.52
P01290,2024,S04,Lakeview Station,Central Valley,CL-Cinder 07,Programme Alpha,2,657.9,2495.0,22.9,8.33,7.7,10.87
P01291,2024,S04,Lakeview Station,Central Valley,CL-Cinder 07,Programme Alpha,3,657.9,2495.0,20.5,7.86,4.5,9.55
P01292,2024,S04,Lakeview Station,Central Valley,CL-Cinder 07,Programme Alpha,4,657.9,2495.0,20.1,8.32,1.3,9.68
P01293,2024,S04,Lakeview Station,Central Valley,CL-Cinder 07,Programme Bravo,1,657.9,2495.0,10.5,7.16,4.9,10.05
P01294,2024,S04,Lakeview Station,Central Valley,CL-Cinder 07,Programme Bravo,2,657.9,2495.0,12.5,7.76,4.7,10.57
P01295,2024,S04,Lakeview Station,Central Valley,CL-Cinder 07,Programme Bravo,3,657.9,2495.0,8.2,7.75,5.3,10.44
P01296,2024,S04,Lakeview Station,Central Valley,CL-Cinder 07,Programme Bravo,4,657.9,2495.0,10.0,7.57,4.1,10.67
P01297,2024,S04,Lakeview Station,Central Valley,CL-Delta 12,Untreated Check,1,657.9,2495.0,45.0,6.91,5.3,11.41
P01298,2024,S04,Lakeview Station,Central Valley,CL-Delta 12,Untreated Check,2,657.9,2495.0,60.2,8.01,9.5,10.76
P01299,2024,S04,Lakeview Station,Central Valley,CL-Delta 12,Untreated Check,3,657.9,2495.0,58.2,7.38,5.7,10.39
P01300,2024,S04,Lakeview Station,Central Valley,CL-Delta 12,Untreated Check,4,657.9,2495.0,49.6,7.4,6.0,11.38
P01301,2024,S04,Lakeview Station,Central Valley,CL-Delta 12,Programme Alpha,1,657.9,2495.0,23.1,7.78,4.5,11.19
P01302,2024,S04,Lakeview Station,Central Valley,CL-Delta 12,Programme Alpha,2,657.9,2495.0,22.5,8.03,2.6,11.11
P01303,2024,S04,Lakeview Station,Central Valley,CL-Delta 12,Programme Alpha,3,657.9,2495.0,21.8,8.05,3.0,11.14
P01304,2024,S04,Lakeview Station,Central Valley,CL-Delta 12,Programme Alpha,4,657.9,2495.0,23.7,7.97,3.2,11.79
P01305,2024,S04,Lakeview Station,Central Valley,CL-Delta 12,Programme Bravo,1,657.9,2495.0,10.3,8.05,1.2,11.72
P01306,2024,S04,Lakeview Station,Central Valley,CL-Delta 12,Programme Bravo,2,657.9,2495.0,10.8,7.88,1.2,11.12
P01307,2024,S04,Lakeview Station,Central Valley,CL-Delta 12,Programme Bravo,3,657.9,2495.0,9.4,7.57,1.2,10.66
P01308,2024,S04,Lakeview Station,Central Valley,CL-Delta 12,Programme Bravo,4,657.9,2495.0,9.6,7.5,5.6,11.38
P01309,2024,S04,Lakeview Station,Central Valley,CL-Ember 33,Untreated Check,1,657.9,2495.0,49.3,7.66,5.1,11.52
P01310,2024,S04,Lakeview Station,Central Valley,CL-Ember 33,Untreated Check,2,657.9,2495.0,49.5,8.15,4.4,10.73
P01311,2024,S04,Lakeview Station,Central Valley,CL-Ember 33,Untreated Check,3,657.9,2495.0,49.9,8.37,5.7,10.34
P01312,2024,S04,Lakeview Station,Central Valley,CL-Ember 33,Untreated Check,4,657.9,2495.0,53.6,7.59,3.7,10.72
P01313,2024,S04,Lakeview Station,Central Valley,CL-Ember 33,Programme Alpha,1,657.9,2495.0,17.3,7.24,3.7,11.65
P01314,2024,S04,Lakeview Station,Central Valley,CL-Ember 33,Programme Alpha,2,657.9,2495.0,20.3,7.48,6.1,12.2
P01315,2024,S04,Lakeview Station,Central Valley,CL-Ember 33,Programme Alpha,3,657.9,2495.0,23.0,8.17,5.6,12.45
P01316,2024,S04,Lakeview Station,Central Valley,CL-Ember 33,Programme Alpha,4,657.9,2495.0,22.8,7.51,3.3,11.68
P01317,2024,S04,Lakeview Station,Central Valley,CL-Ember 33,Programme Bravo,1,657.9,2495.0,10.7,7.76,4.7,12.35
P01318,2024,S04,Lakeview Station,Central Valley,CL-Ember 33,Programme Bravo,2,657.9,2495.0,9.9,7.68,4.4,12.4
P01319,2024,S04,Lakeview Station,Central Valley,CL-Ember 33,Programme Bravo,3,657.9,2495.0,8.8,7.69,0.6,11.72
P01320,2024,S04,Lakeview Station,Central Valley,CL-Ember 33,Programme Bravo,4,657.9,2495.0,10.3,7.26,3.1,11.68
P01321,2024,S05,Sandhill Station,Eastern Belt,CL-Aurora 21,Untreated Check,1,752.6,2659.0,52.1,7.9,6.7,8.71
P01322,2024,S05,Sandhill Station,Eastern Belt,CL-Aurora 21,Untreated Check,2,752.6,2659.0,38.1,7.28,4.6,9.6
P01323,2024,S05,Sandhill Station,Eastern Belt,CL-Aurora 21,Untreated Check,3,752.6,2659.0,55.3,7.77,3.0,8.71
P01324,2024,S05,Sandhill Station,Eastern Belt,CL-Aurora 21,Untreated Check,4,752.6,2659.0,55.5,8.44,4.3,9.56
P01325,2024,S05,Sandhill Station,Eastern Belt,CL-Aurora 21,Programme Alpha,1,752.6,2659.0,25.1,7.72,8.4,10.35
P01326,2024,S05,Sandhill Station,Eastern Belt,CL-Aurora 21,Programme Alpha,2,752.6,2659.0,24.4,8.29,4.0,9.18
P01327,2024,S05,Sandhill Station,Eastern Belt,CL-Aurora 21,Programme Alpha,3,752.6,2659.0,26.0,7.85,5.7,9.66
P01328,2024,S05,Sandhill Station,Eastern Belt,CL-Aurora 21,Programme Alpha,4,752.6,2659.0,22.9,7.28,1.4,9.95
P01329,2024,S05,Sandhill Station,Eastern Belt,CL-Aurora 21,Programme Bravo,1,752.6,2659.0,10.0,8.05,4.0,9.27
P01330,2024,S05,Sandhill Station,Eastern Belt,CL-Aurora 21,Programme Bravo,2,752.6,2659.0,11.6,7.65,6.8,10.21
P01331,2024,S05,Sandhill Station,Eastern Belt,CL-Aurora 21,Programme Bravo,3,752.6,2659.0,9.8,7.58,7.5,10.34
P01332,2024,S05,Sandhill Station,Eastern Belt,CL-Aurora 21,Programme Bravo,4,752.6,2659.0,11.6,7.67,1.3,9.84
P01333,2024,S05,Sandhill Station,Eastern Belt,CL-Beacon 44,Untreated Check,1,752.6,2659.0,56.0,8.64,11.8,10.17
P01334,2024,S05,Sandhill Station,Eastern Belt,CL-Beacon 44,Untreated Check,2,752.6,2659.0,54.7,7.88,2.8,10.55
P01335,2024,S05,Sandhill Station,Eastern Belt,CL-Beacon 44,Untreated Check,3,752.6,2659.0,51.8,7.64,6.4,10.69
P01336,2024,S05,Sandhill Station,Eastern Belt,CL-Beacon 44,Untreated Check,4,752.6,2659.0,40.9,7.73,2.9,10.09
P01337,2024,S05,Sandhill Station,Eastern Belt,CL-Beacon 44,Programme Alpha,1,752.6,2659.0,28.2,7.99,3.1,10.78
P01338,2024,S05,Sandhill Station,Eastern Belt,CL-Beacon 44,Programme Alpha,2,752.6,2659.0,26.6,8.04,5.8,10.59
P01339,2024,S05,Sandhill Station,Eastern Belt,CL-Beacon 44,Programme Alpha,3,752.6,2659.0,26.1,7.86,5.7,10.77
P01340,2024,S05,Sandhill Station,Eastern Belt,CL-Beacon 44,Programme Alpha,4,752.6,2659.0,19.5,7.83,3.1,10.92
P01341,2024,S05,Sandhill Station,Eastern Belt,CL-Beacon 44,Programme Bravo,1,752.6,2659.0,12.4,7.81,6.4,11.62
P01342,2024,S05,Sandhill Station,Eastern Belt,CL-Beacon 44,Programme Bravo,2,752.6,2659.0,8.1,8.34,1.2,10.89
P01343,2024,S05,Sandhill Station,Eastern Belt,CL-Beacon 44,Programme Bravo,3,752.6,2659.0,11.3,7.86,4.4,11.59
P01344,2024,S05,Sandhill Station,Eastern Belt,CL-Beacon 44,Programme Bravo,4,752.6,2659.0,11.2,7.42,1.0,11.58
P01345,2024,S05,Sandhill Station,Eastern Belt,CL-Cinder 07,Untreated Check,1,752.6,2659.0,60.4,7.85,3.5,8.81
P01346,2024,S05,Sandhill Station,Eastern Belt,CL-Cinder 07,Untreated Check,2,752.6,2659.0,53.0,7.37,4.8,8.74
P01347,2024,S05,Sandhill Station,Eastern Belt,CL-Cinder 07,Untreated Check,3,752.6,2659.0,63.8,7.61,4.2,8.46
P01348,2024,S05,Sandhill Station,Eastern Belt,CL-Cinder 07,Untreated Check,4,752.6,2659.0,56.2,7.48,3.7,7.65
P01349,2024,S05,Sandhill Station,Eastern Belt,CL-Cinder 07,Programme Alpha,1,752.6,2659.0,24.0,8.03,2.5,9.03
P01350,2024,S05,Sandhill Station,Eastern Belt,CL-Cinder 07,Programme Alpha,2,752.6,2659.0,25.4,7.37,8.9,8.84
P01351,2024,S05,Sandhill Station,Eastern Belt,CL-Cinder 07,Programme Alpha,3,752.6,2659.0,28.1,7.98,6.0,9.41
P01352,2024,S05,Sandhill Station,Eastern Belt,CL-Cinder 07,Programme Alpha,4,752.6,2659.0,28.0,7.96,4.7,9.63
P01353,2024,S05,Sandhill Station,Eastern Belt,CL-Cinder 07,Programme Bravo,1,752.6,2659.0,10.9,7.48,1.7,9.06
P01354,2024,S05,Sandhill Station,Eastern Belt,CL-Cinder 07,Programme Bravo,2,752.6,2659.0,9.0,7.65,3.8,9.7
P01355,2024,S05,Sandhill Station,Eastern Belt,CL-Cinder 07,Programme Bravo,3,752.6,2659.0,9.4,7.83,6.1,9.29
P01356,2024,S05,Sandhill Station,Eastern Belt,CL-Cinder 07,Programme Bravo,4,752.6,2659.0,11.4,7.78,4.3,9.75
P01357,2024,S05,Sandhill Station,Eastern Belt,CL-Delta 12,Untreated Check,1,752.6,2659.0,54.0,7.65,8.7,9.74
P01358,2024,S05,Sandhill Station,Eastern Belt,CL-Delta 12,Untreated Check,2,752.6,2659.0,55.9,7.09,12.2,9.67
P01359,2024,S05,Sandhill Station,Eastern Belt,CL-Delta 12,Untreated Check,3,752.6,2659.0,57.1,7.53,13.1,8.85
P01360,2024,S05,Sandhill Station,Eastern Belt,CL-Delta 12,Untreated Check,4,752.6,2659.0,55.4,8.51,3.5,10.31
P01361,2024,S05,Sandhill Station,Eastern Belt,CL-Delta 12,Programme Alpha,1,752.6,2659.0,20.5,7.97,1.7,10.28
P01362,2024,S05,Sandhill Station,Eastern Belt,CL-Delta 12,Programme Alpha,2,752.6,2659.0,25.6,7.58,3.2,9.94
P01363,2024,S05,Sandhill Station,Eastern Belt,CL-Delta 12,Programme Alpha,3,752.6,2659.0,24.6,8.42,4.7,10.49
P01364,2024,S05,Sandhill Station,Eastern Belt,CL-Delta 12,Programme Alpha,4,752.6,2659.0,22.4,7.61,9.7,10.2
P01365,2024,S05,Sandhill Station,Eastern Belt,CL-Delta 12,Programme Bravo,1,752.6,2659.0,10.7,7.43,2.9,9.93
P01366,2024,S05,Sandhill Station,Eastern Belt,CL-Delta 12,Programme Bravo,2,752.6,2659.0,11.3,7.32,12.6,10.58
P01367,2024,S05,Sandhill Station,Eastern Belt,CL-Delta 12,Programme Bravo,3,752.6,2659.0,9.5,7.72,2.9,10.61
P01368,2024,S05,Sandhill Station,Eastern Belt,CL-Delta 12,Programme Bravo,4,752.6,2659.0,11.5,7.66,2.3,10.54
P01369,2024,S05,Sandhill Station,Eastern Belt,CL-Ember 33,Untreated Check,1,752.6,2659.0,59.4,8.31,5.8,9.85
P01370,2024,S05,Sandhill Station,Eastern Belt,CL-Ember 33,Untreated Check,2,752.6,2659.0,54.6,7.71,4.5,9.62
P01371,2024,S05,Sandhill Station,Eastern Belt,CL-Ember 33,Untreated Check,3,752.6,2659.0,58.4,7.13,3.4,10.46
P01372,2024,S05,Sandhill Station,Eastern Belt,CL-Ember 33,Untreated Check,4,752.6,2659.0,50.1,7.65,3.5,9.76
P01373,2024,S05,Sandhill Station,Eastern Belt,CL-Ember 33,Programme Alpha,1,752.6,2659.0,25.8,8.39,1.6,11.11
P01374,2024,S05,Sandhill Station,Eastern Belt,CL-Ember 33,Programme Alpha,2,752.6,2659.0,29.7,8.26,2.9,10.35
P01375,2024,S05,Sandhill Station,Eastern Belt,CL-Ember 33,Programme Alpha,3,752.6,2659.0,26.0,8.08,3.7,10.66
P01376,2024,S05,Sandhill Station,Eastern Belt,CL-Ember 33,Programme Alpha,4,752.6,2659.0,24.1,7.16,2.9,10.52
P01377,2024,S05,Sandhill Station,Eastern Belt,CL-Ember 33,Programme Bravo,1,752.6,2659.0,12.7,6.99,2.9,12.0
P01378,2024,S05,Sandhill Station,Eastern Belt,CL-Ember 33,Programme Bravo,2,752.6,2659.0,11.6,7.76,1.6,11.59
P01379,2024,S05,Sandhill Station,Eastern Belt,CL-Ember 33,Programme Bravo,3,752.6,2659.0,12.1,7.47,3.6,11.61
P01380,2024,S05,Sandhill Station,Eastern Belt,CL-Ember 33,Programme Bravo,4,752.6,2659.0,11.0,7.85,3.5,10.77
P01381,2024,S06,High Plains Station,Eastern Belt,CL-Aurora 21,Untreated Check,1,443.6,2442.0,63.8,7.68,8.2,8.74
P01382,2024,S06,High Plains Station,Eastern Belt,CL-Aurora 21,Untreated Check,2,443.6,2442.0,66.0,7.93,4.2,7.8
P01383,2024,S06,High Plains Station,Eastern Belt,CL-Aurora 21,Untreated Check,3,443.6,2442.0,67.6,8.09,6.6,7.81
P01384,2024,S06,High Plains Station,Eastern Belt,CL-Aurora 21,Untreated Check,4,443.6,2442.0,54.3,7.83,3.2,8.92
P01385,2024,S06,High Plains Station,Eastern Belt,CL-Aurora 21,Programme Alpha,1,443.6,2442.0,28.7,7.75,3.3,8.97
P01386,2024,S06,High Plains Station,Eastern Belt,CL-Aurora 21,Programme Alpha,2,443.6,2442.0,29.1,7.93,3.4,9.82
P01387,2024,S06,High Plains Station,Eastern Belt,CL-Aurora 21,Programme Alpha,3,443.6,2442.0,29.6,8.21,3.1,9.2
P01388,2024,S06,High Plains Station,Eastern Belt,CL-Aurora 21,Programme Alpha,4,443.6,2442.0,28.9,8.13,2.7,8.23
P01389,2024,S06,High Plains Station,Eastern Belt,CL-Aurora 21,Programme Bravo,1,443.6,2442.0,14.3,7.2,4.1,9.22
P01390,2024,S06,High Plains Station,Eastern Belt,CL-Aurora 21,Programme Bravo,2,443.6,2442.0,14.1,7.49,4.3,8.91
P01391,2024,S06,High Plains Station,Eastern Belt,CL-Aurora 21,Programme Bravo,3,443.6,2442.0,13.2,7.96,2.5,9.58
P01392,2024,S06,High Plains Station,Eastern Belt,CL-Aurora 21,Programme Bravo,4,443.6,2442.0,12.9,8.51,4.5,9.83
P01393,2024,S06,High Plains Station,Eastern Belt,CL-Beacon 44,Untreated Check,1,443.6,2442.0,56.7,8.0,5.6,9.97
P01394,2024,S06,High Plains Station,Eastern Belt,CL-Beacon 44,Untreated Check,2,443.6,2442.0,66.5,8.14,3.6,9.81
P01395,2024,S06,High Plains Station,Eastern Belt,CL-Beacon 44,Untreated Check,3,443.6,2442.0,58.3,8.41,3.0,9.74
P01396,2024,S06,High Plains Station,Eastern Belt,CL-Beacon 44,Untreated Check,4,443.6,2442.0,71.4,7.75,10.6,9.46
P01397,2024,S06,High Plains Station,Eastern Belt,CL-Beacon 44,Programme Alpha,1,443.6,2442.0,26.5,7.1,3.1,9.93
P01398,2024,S06,High Plains Station,Eastern Belt,CL-Beacon 44,Programme Alpha,2,443.6,2442.0,25.2,7.57,4.3,10.15
P01399,2024,S06,High Plains Station,Eastern Belt,CL-Beacon 44,Programme Alpha,3,443.6,2442.0,32.2,7.84,4.7,9.7
P01400,2024,S06,High Plains Station,Eastern Belt,CL-Beacon 44,Programme Alpha,4,443.6,2442.0,28.6,7.97,4.3,9.95
P01401,2024,S06,High Plains Station,Eastern Belt,CL-Beacon 44,Programme Bravo,1,443.6,2442.0,13.6,7.38,3.1,9.94
P01402,2024,S06,High Plains Station,Eastern Belt,CL-Beacon 44,Programme Bravo,2,443.6,2442.0,11.4,7.42,3.9,10.16
P01403,2024,S06,High Plains Station,Eastern Belt,CL-Beacon 44,Programme Bravo,3,443.6,2442.0,10.5,8.58,3.9,9.8
P01404,2024,S06,High Plains Station,Eastern Belt,CL-Beacon 44,Programme Bravo,4,443.6,2442.0,12.7,7.58,5.2,10.54
P01405,2024,S06,High Plains Station,Eastern Belt,CL-Cinder 07,Untreated Check,1,443.6,2442.0,60.2,8.4,13.7,8.26
P01406,2024,S06,High Plains Station,Eastern Belt,CL-Cinder 07,Untreated Check,2,443.6,2442.0,54.4,7.58,3.9,7.73
P01407,2024,S06,High Plains Station,Eastern Belt,CL-Cinder 07,Untreated Check,3,443.6,2442.0,60.3,7.83,3.2,7.77
P01408,2024,S06,High Plains Station,Eastern Belt,CL-Cinder 07,Untreated Check,4,443.6,2442.0,55.4,7.76,3.7,7.3
P01409,2024,S06,High Plains Station,Eastern Belt,CL-Cinder 07,Programme Alpha,1,443.6,2442.0,31.2,7.95,3.5,8.58
P01410,2024,S06,High Plains Station,Eastern Belt,CL-Cinder 07,Programme Alpha,2,443.6,2442.0,30.7,7.2,3.7,7.89
P01411,2024,S06,High Plains Station,Eastern Belt,CL-Cinder 07,Programme Alpha,3,443.6,2442.0,23.8,7.49,3.1,7.94
P01412,2024,S06,High Plains Station,Eastern Belt,CL-Cinder 07,Programme Alpha,4,443.6,2442.0,26.7,7.24,7.3,8.52
P01413,2024,S06,High Plains Station,Eastern Belt,CL-Cinder 07,Programme Bravo,1,443.6,2442.0,12.0,7.84,5.2,9.22
P01414,2024,S06,High Plains Station,Eastern Belt,CL-Cinder 07,Programme Bravo,2,443.6,2442.0,15.6,7.65,2.0,8.99
P01415,2024,S06,High Plains Station,Eastern Belt,CL-Cinder 07,Programme Bravo,3,443.6,2442.0,14.0,8.09,3.4,8.22
P01416,2024,S06,High Plains Station,Eastern Belt,CL-Cinder 07,Programme Bravo,4,443.6,2442.0,11.6,7.61,7.9,8.74
P01417,2024,S06,High Plains Station,Eastern Belt,CL-Delta 12,Untreated Check,1,443.6,2442.0,74.8,7.49,5.6,9.06
P01418,2024,S06,High Plains Station,Eastern Belt,CL-Delta 12,Untreated Check,2,443.6,2442.0,71.7,8.1,8.8,8.73
P01419,2024,S06,High Plains Station,Eastern Belt,CL-Delta 12,Untreated Check,3,443.6,2442.0,75.1,8.53,3.9,8.56
P01420,2024,S06,High Plains Station,Eastern Belt,CL-Delta 12,Untreated Check,4,443.6,2442.0,73.6,7.67,12.0,9.45
P01421,2024,S06,High Plains Station,Eastern Belt,CL-Delta 12,Programme Alpha,1,443.6,2442.0,31.0,7.31,3.7,8.95
P01422,2024,S06,High Plains Station,Eastern Belt,CL-Delta 12,Programme Alpha,2,443.6,2442.0,30.4,6.97,4.8,9.3
P01423,2024,S06,High Plains Station,Eastern Belt,CL-Delta 12,Programme Alpha,3,443.6,2442.0,27.6,7.52,4.4,9.27
P01424,2024,S06,High Plains Station,Eastern Belt,CL-Delta 12,Programme Alpha,4,443.6,2442.0,30.4,8.05,2.9,8.61
P01425,2024,S06,High Plains Station,Eastern Belt,CL-Delta 12,Programme Bravo,1,443.6,2442.0,12.6,7.4,2.3,9.68
P01426,2024,S06,High Plains Station,Eastern Belt,CL-Delta 12,Programme Bravo,2,443.6,2442.0,14.4,7.53,6.0,10.28
P01427,2024,S06,High Plains Station,Eastern Belt,CL-Delta 12,Programme Bravo,3,443.6,2442.0,13.9,7.79,1.6,10.13
P01428,2024,S06,High Plains Station,Eastern Belt,CL-Delta 12,Programme Bravo,4,443.6,2442.0,15.0,8.16,1.6,9.81
P01429,2024,S06,High Plains Station,Eastern Belt,CL-Ember 33,Untreated Check,1,443.6,2442.0,57.9,7.27,3.4,9.55
P01430,2024,S06,High Plains Station,Eastern Belt,CL-Ember 33,Untreated Check,2,443.6,2442.0,63.4,7.56,4.8,8.85
P01431,2024,S06,High Plains Station,Eastern Belt,CL-Ember 33,Untreated Check,3,443.6,2442.0,54.0,7.79,9.2,9.73
P01432,2024,S06,High Plains Station,Eastern Belt,CL-Ember 33,Untreated Check,4,443.6,2442.0,70.7,7.87,6.0,8.55
P01433,2024,S06,High Plains Station,Eastern Belt,CL-Ember 33,Programme Alpha,1,443.6,2442.0,26.6,7.23,2.1,10.69
P01434,2024,S06,High Plains Station,Eastern Belt,CL-Ember 33,Programme Alpha,2,443.6,2442.0,32.1,8.26,5.4,10.01
P01435,2024,S06,High Plains Station,Eastern Belt,CL-Ember 33,Programme Alpha,3,443.6,2442.0,29.3,8.13,4.8,9.49
P01436,2024,S06,High Plains Station,Eastern Belt,CL-Ember 33,Programme Alpha,4,443.6,2442.0,28.9,7.96,2.6,10.56
P01437,2024,S06,High Plains Station,Eastern Belt,CL-Ember 33,Programme Bravo,1,443.6,2442.0,13.8,7.99,2.4,10.25
P01438,2024,S06,High Plains Station,Eastern Belt,CL-Ember 33,Programme Bravo,2,443.6,2442.0,11.5,7.77,0.8,10.48
P01439,2024,S06,High Plains Station,Eastern Belt,CL-Ember 33,Programme Bravo,3,443.6,2442.0,14.7,7.26,2.0,10.29
P01440,2024,S06,High Plains Station,Eastern Belt,CL-Ember 33,Programme Bravo,4,443.6,2442.0,12.7,8.05,6.0,11.0
P01441,2025,S01,North Ridge Station,Northern Plains,CL-Aurora 21,Untreated Check,1,454.3,2435.0,30.5,7.69,3.5,9.73
P01442,2025,S01,North Ridge Station,Northern Plains,CL-Aurora 21,Untreated Check,2,454.3,2435.0,34.0,7.94,3.9,10.37
P01443,2025,S01,North Ridge Station,Northern Plains,CL-Aurora 21,Untreated Check,3,454.3,2435.0,28.9,7.69,3.3,10.01
P01444,2025,S01,North Ridge Station,Northern Plains,CL-Aurora 21,Untreated Check,4,454.3,2435.0,30.0,7.98,10.4,8.79
P01445,2025,S01,North Ridge Station,Northern Plains,CL-Aurora 21,Programme Alpha,1,454.3,2435.0,14.1,7.7,1.7,10.48
P01446,2025,S01,North Ridge Station,Northern Plains,CL-Aurora 21,Programme Alpha,2,454.3,2435.0,13.5,8.04,2.0,9.83
P01447,2025,S01,North Ridge Station,Northern Plains,CL-Aurora 21,Programme Alpha,3,454.3,2435.0,14.9,7.95,6.1,9.84
P01448,2025,S01,North Ridge Station,Northern Plains,CL-Aurora 21,Programme Alpha,4,454.3,2435.0,15.0,7.41,2.3,9.21
P01449,2025,S01,North Ridge Station,Northern Plains,CL-Aurora 21,Programme Bravo,1,454.3,2435.0,6.7,8.05,2.6,10.7
P01450,2025,S01,North Ridge Station,Northern Plains,CL-Aurora 21,Programme Bravo,2,454.3,2435.0,5.9,7.85,3.0,9.86
P01451,2025,S01,North Ridge Station,Northern Plains,CL-Aurora 21,Programme Bravo,3,454.3,2435.0,6.9,7.87,3.3,10.61
P01452,2025,S01,North Ridge Station,Northern Plains,CL-Aurora 21,Programme Bravo,4,454.3,2435.0,6.4,7.58,1.3,9.73
P01453,2025,S01,North Ridge Station,Northern Plains,CL-Beacon 44,Untreated Check,1,454.3,2435.0,34.6,8.04,4.3,10.73
P01454,2025,S01,North Ridge Station,Northern Plains,CL-Beacon 44,Untreated Check,2,454.3,2435.0,31.3,7.41,3.1,10.37
P01455,2025,S01,North Ridge Station,Northern Plains,CL-Beacon 44,Untreated Check,3,454.3,2435.0,24.7,7.81,3.8,10.53
P01456,2025,S01,North Ridge Station,Northern Plains,CL-Beacon 44,Untreated Check,4,454.3,2435.0,32.8,7.3,4.7,10.8
P01457,2025,S01,North Ridge Station,Northern Plains,CL-Beacon 44,Programme Alpha,1,454.3,2435.0,14.5,7.57,0.8,11.05
P01458,2025,S01,North Ridge Station,Northern Plains,CL-Beacon 44,Programme Alpha,2,454.3,2435.0,15.0,7.98,7.9,11.64
P01459,2025,S01,North Ridge Station,Northern Plains,CL-Beacon 44,Programme Alpha,3,454.3,2435.0,15.5,8.28,4.3,10.9
P01460,2025,S01,North Ridge Station,Northern Plains,CL-Beacon 44,Programme Alpha,4,454.3,2435.0,16.0,7.56,3.8,12.02
P01461,2025,S01,North Ridge Station,Northern Plains,CL-Beacon 44,Programme Bravo,1,454.3,2435.0,6.1,7.19,2.1,10.7
P01462,2025,S01,North Ridge Station,Northern Plains,CL-Beacon 44,Programme Bravo,2,454.3,2435.0,6.6,7.43,1.3,10.92
P01463,2025,S01,North Ridge Station,Northern Plains,CL-Beacon 44,Programme Bravo,3,454.3,2435.0,6.1,8.02,0.4,10.46
P01464,2025,S01,North Ridge Station,Northern Plains,CL-Beacon 44,Programme Bravo,4,454.3,2435.0,6.8,7.74,3.7,10.99
P01465,2025,S01,North Ridge Station,Northern Plains,CL-Cinder 07,Untreated Check,1,454.3,2435.0,27.5,8.33,3.4,8.46
P01466,2025,S01,North Ridge Station,Northern Plains,CL-Cinder 07,Untreated Check,2,454.3,2435.0,32.0,7.91,6.9,8.65
P01467,2025,S01,North Ridge Station,Northern Plains,CL-Cinder 07,Untreated Check,3,454.3,2435.0,27.8,8.55,4.5,8.75
P01468,2025,S01,North Ridge Station,Northern Plains,CL-Cinder 07,Untreated Check,4,454.3,2435.0,29.6,7.71,4.7,9.36
P01469,2025,S01,North Ridge Station,Northern Plains,CL-Cinder 07,Programme Alpha,1,454.3,2435.0,14.3,7.48,3.4,9.39
P01470,2025,S01,North Ridge Station,Northern Plains,CL-Cinder 07,Programme Alpha,2,454.3,2435.0,14.1,7.32,5.9,9.64
P01471,2025,S01,North Ridge Station,Northern Plains,CL-Cinder 07,Programme Alpha,3,454.3,2435.0,13.3,7.73,1.3,8.99
P01472,2025,S01,North Ridge Station,Northern Plains,CL-Cinder 07,Programme Alpha,4,454.3,2435.0,13.3,7.72,2.3,9.4
P01473,2025,S01,North Ridge Station,Northern Plains,CL-Cinder 07,Programme Bravo,1,454.3,2435.0,6.4,8.18,4.3,9.89
P01474,2025,S01,North Ridge Station,Northern Plains,CL-Cinder 07,Programme Bravo,2,454.3,2435.0,7.0,8.38,2.1,10.31
P01475,2025,S01,North Ridge Station,Northern Plains,CL-Cinder 07,Programme Bravo,3,454.3,2435.0,6.9,7.64,1.7,10.09
P01476,2025,S01,North Ridge Station,Northern Plains,CL-Cinder 07,Programme Bravo,4,454.3,2435.0,6.6,7.68,3.4,8.78
P01477,2025,S01,North Ridge Station,Northern Plains,CL-Delta 12,Untreated Check,1,454.3,2435.0,29.9,7.91,2.1,11.05
P01478,2025,S01,North Ridge Station,Northern Plains,CL-Delta 12,Untreated Check,2,454.3,2435.0,35.1,7.5,7.7,10.66
P01479,2025,S01,North Ridge Station,Northern Plains,CL-Delta 12,Untreated Check,3,454.3,2435.0,26.4,7.31,7.1,10.39
P01480,2025,S01,North Ridge Station,Northern Plains,CL-Delta 12,Untreated Check,4,454.3,2435.0,32.3,7.99,3.4,10.38
P01481,2025,S01,North Ridge Station,Northern Plains,CL-Delta 12,Programme Alpha,1,454.3,2435.0,13.0,7.6,4.5,11.64
P01482,2025,S01,North Ridge Station,Northern Plains,CL-Delta 12,Programme Alpha,2,454.3,2435.0,15.9,7.6,2.0,10.3
P01483,2025,S01,North Ridge Station,Northern Plains,CL-Delta 12,Programme Alpha,3,454.3,2435.0,14.7,7.86,1.3,10.34
P01484,2025,S01,North Ridge Station,Northern Plains,CL-Delta 12,Programme Alpha,4,454.3,2435.0,14.5,7.81,2.2,11.05
P01485,2025,S01,North Ridge Station,Northern Plains,CL-Delta 12,Programme Bravo,1,454.3,2435.0,5.5,7.82,5.3,10.85
P01486,2025,S01,North Ridge Station,Northern Plains,CL-Delta 12,Programme Bravo,2,454.3,2435.0,6.8,7.96,3.6,10.98
P01487,2025,S01,North Ridge Station,Northern Plains,CL-Delta 12,Programme Bravo,3,454.3,2435.0,7.3,8.19,7.1,9.39
P01488,2025,S01,North Ridge Station,Northern Plains,CL-Delta 12,Programme Bravo,4,454.3,2435.0,5.8,7.53,4.0,11.13
P01489,2025,S01,North Ridge Station,Northern Plains,CL-Ember 33,Untreated Check,1,454.3,2435.0,33.5,7.74,2.5,10.91
P01490,2025,S01,North Ridge Station,Northern Plains,CL-Ember 33,Untreated Check,2,454.3,2435.0,31.1,7.69,3.2,10.15
P01491,2025,S01,North Ridge Station,Northern Plains,CL-Ember 33,Untreated Check,3,454.3,2435.0,36.3,7.85,3.2,10.47
P01492,2025,S01,North Ridge Station,Northern Plains,CL-Ember 33,Untreated Check,4,454.3,2435.0,29.4,7.75,2.5,10.52
P01493,2025,S01,North Ridge Station,Northern Plains,CL-Ember 33,Programme Alpha,1,454.3,2435.0,13.3,7.89,5.6,10.38
P01494,2025,S01,North Ridge Station,Northern Plains,CL-Ember 33,Programme Alpha,2,454.3,2435.0,13.7,7.56,1.8,9.87
P01495,2025,S01,North Ridge Station,Northern Plains,CL-Ember 33,Programme Alpha,3,454.3,2435.0,14.3,6.87,2.6,11.05
P01496,2025,S01,North Ridge Station,Northern Plains,CL-Ember 33,Programme Alpha,4,454.3,2435.0,12.6,7.79,2.2,10.79
P01497,2025,S01,North Ridge Station,Northern Plains,CL-Ember 33,Programme Bravo,1,454.3,2435.0,7.0,7.61,1.6,11.23
P01498,2025,S01,North Ridge Station,Northern Plains,CL-Ember 33,Programme Bravo,2,454.3,2435.0,6.5,7.65,1.4,10.67
P01499,2025,S01,North Ridge Station,Northern Plains,CL-Ember 33,Programme Bravo,3,454.3,2435.0,6.0,8.19,1.9,10.85
P01500,2025,S01,North Ridge Station,Northern Plains,CL-Ember 33,Programme Bravo,4,454.3,2435.0,5.7,7.61,2.6,12.26
P01501,2025,S02,Clay Flats Station,Northern Plains,CL-Aurora 21,Untreated Check,1,419.6,2487.0,38.3,7.59,4.0,8.85
P01502,2025,S02,Clay Flats Station,Northern Plains,CL-Aurora 21,Untreated Check,2,419.6,2487.0,47.0,8.14,6.0,8.7
P01503,2025,S02,Clay Flats Station,Northern Plains,CL-Aurora 21,Untreated Check,3,419.6,2487.0,48.6,7.51,2.7,8.9
P01504,2025,S02,Clay Flats Station,Northern Plains,CL-Aurora 21,Untreated Check,4,419.6,2487.0,40.6,8.18,2.9,7.95
P01505,2025,S02,Clay Flats Station,Northern Plains,CL-Aurora 21,Programme Alpha,1,419.6,2487.0,18.9,8.05,5.7,8.99
P01506,2025,S02,Clay Flats Station,Northern Plains,CL-Aurora 21,Programme Alpha,2,419.6,2487.0,22.9,6.89,3.3,8.87
P01507,2025,S02,Clay Flats Station,Northern Plains,CL-Aurora 21,Programme Alpha,3,419.6,2487.0,24.8,7.98,9.7,8.6
P01508,2025,S02,Clay Flats Station,Northern Plains,CL-Aurora 21,Programme Alpha,4,419.6,2487.0,17.3,8.22,1.8,9.27
P01509,2025,S02,Clay Flats Station,Northern Plains,CL-Aurora 21,Programme Bravo,1,419.6,2487.0,10.3,8.0,2.6,9.28
P01510,2025,S02,Clay Flats Station,Northern Plains,CL-Aurora 21,Programme Bravo,2,419.6,2487.0,8.4,8.47,2.8,9.03
P01511,2025,S02,Clay Flats Station,Northern Plains,CL-Aurora 21,Programme Bravo,3,419.6,2487.0,10.3,7.47,6.4,9.2
P01512,2025,S02,Clay Flats Station,Northern Plains,CL-Aurora 21,Programme Bravo,4,419.6,2487.0,8.9,7.84,8.0,9.74
P01513,2025,S02,Clay Flats Station,Northern Plains,CL-Beacon 44,Untreated Check,1,419.6,2487.0,42.1,7.6,11.6,9.83
P01514,2025,S02,Clay Flats Station,Northern Plains,CL-Beacon 44,Untreated Check,2,419.6,2487.0,36.4,7.74,17.1,9.82
P01515,2025,S02,Clay Flats Station,Northern Plains,CL-Beacon 44,Untreated Check,3,419.6,2487.0,42.3,8.15,10.5,9.2
P01516,2025,S02,Clay Flats Station,Northern Plains,CL-Beacon 44,Untreated Check,4,419.6,2487.0,40.1,7.98,5.7,10.67
P01517,2025,S02,Clay Flats Station,Northern Plains,CL-Beacon 44,Programme Alpha,1,419.6,2487.0,18.7,7.71,1.6,9.75
P01518,2025,S02,Clay Flats Station,Northern Plains,CL-Beacon 44,Programme Alpha,2,419.6,2487.0,21.4,8.07,2.8,9.73
P01519,2025,S02,Clay Flats Station,Northern Plains,CL-Beacon 44,Programme Alpha,3,419.6,2487.0,17.2,8.23,4.3,9.66
P01520,2025,S02,Clay Flats Station,Northern Plains,CL-Beacon 44,Programme Alpha,4,419.6,2487.0,23.4,7.68,2.2,10.4
P01521,2025,S02,Clay Flats Station,Northern Plains,CL-Beacon 44,Programme Bravo,1,419.6,2487.0,9.4,7.42,2.8,10.72
P01522,2025,S02,Clay Flats Station,Northern Plains,CL-Beacon 44,Programme Bravo,2,419.6,2487.0,8.9,8.42,4.7,10.06
P01523,2025,S02,Clay Flats Station,Northern Plains,CL-Beacon 44,Programme Bravo,3,419.6,2487.0,8.5,8.1,1.7,10.64
P01524,2025,S02,Clay Flats Station,Northern Plains,CL-Beacon 44,Programme Bravo,4,419.6,2487.0,9.1,8.05,1.0,10.45
P01525,2025,S02,Clay Flats Station,Northern Plains,CL-Cinder 07,Untreated Check,1,419.6,2487.0,33.0,7.43,3.1,8.18
P01526,2025,S02,Clay Flats Station,Northern Plains,CL-Cinder 07,Untreated Check,2,419.6,2487.0,48.8,7.28,8.4,8.06
P01527,2025,S02,Clay Flats Station,Northern Plains,CL-Cinder 07,Untreated Check,3,419.6,2487.0,54.7,7.73,5.6,8.15
P01528,2025,S02,Clay Flats Station,Northern Plains,CL-Cinder 07,Untreated Check,4,419.6,2487.0,50.7,7.59,6.5,7.4
P01529,2025,S02,Clay Flats Station,Northern Plains,CL-Cinder 07,Programme Alpha,1,419.6,2487.0,19.1,7.68,3.3,8.43
P01530,2025,S02,Clay Flats Station,Northern Plains,CL-Cinder 07,Programme Alpha,2,419.6,2487.0,19.0,7.76,6.1,8.24
P01531,2025,S02,Clay Flats Station,Northern Plains,CL-Cinder 07,Programme Alpha,3,419.6,2487.0,15.9,8.06,4.7,9.21
P01532,2025,S02,Clay Flats Station,Northern Plains,CL-Cinder 07,Programme Alpha,4,419.6,2487.0,21.6,8.7,3.1,9.05
P01533,2025,S02,Clay Flats Station,Northern Plains,CL-Cinder 07,Programme Bravo,1,419.6,2487.0,10.2,7.1,5.3,9.2
P01534,2025,S02,Clay Flats Station,Northern Plains,CL-Cinder 07,Programme Bravo,2,419.6,2487.0,8.7,7.95,1.9,7.86
P01535,2025,S02,Clay Flats Station,Northern Plains,CL-Cinder 07,Programme Bravo,3,419.6,2487.0,8.0,7.66,8.7,8.99
P01536,2025,S02,Clay Flats Station,Northern Plains,CL-Cinder 07,Programme Bravo,4,419.6,2487.0,10.0,7.83,3.3,8.4
P01537,2025,S02,Clay Flats Station,Northern Plains,CL-Delta 12,Untreated Check,1,419.6,2487.0,47.4,7.62,3.1,8.68
P01538,2025,S02,Clay Flats Station,Northern Plains,CL-Delta 12,Untreated Check,2,419.6,2487.0,42.3,7.71,4.3,8.5
P01539,2025,S02,Clay Flats Station,Northern Plains,CL-Delta 12,Untreated Check,3,419.6,2487.0,48.6,8.18,4.5,10.4
P01540,2025,S02,Clay Flats Station,Northern Plains,CL-Delta 12,Untreated Check,4,419.6,2487.0,45.1,7.73,4.6,9.94
P01541,2025,S02,Clay Flats Station,Northern Plains,CL-Delta 12,Programme Alpha,1,419.6,2487.0,17.2,7.59,2.6,10.24
P01542,2025,S02,Clay Flats Station,Northern Plains,CL-Delta 12,Programme Alpha,2,419.6,2487.0,24.5,7.81,3.6,8.96
P01543,2025,S02,Clay Flats Station,Northern Plains,CL-Delta 12,Programme Alpha,3,419.6,2487.0,22.2,8.45,6.0,8.98
P01544,2025,S02,Clay Flats Station,Northern Plains,CL-Delta 12,Programme Alpha,4,419.6,2487.0,24.3,7.75,2.3,9.36
P01545,2025,S02,Clay Flats Station,Northern Plains,CL-Delta 12,Programme Bravo,1,419.6,2487.0,7.9,8.04,1.7,10.43
P01546,2025,S02,Clay Flats Station,Northern Plains,CL-Delta 12,Programme Bravo,2,419.6,2487.0,9.8,8.5,2.9,11.25
P01547,2025,S02,Clay Flats Station,Northern Plains,CL-Delta 12,Programme Bravo,3,419.6,2487.0,8.8,8.06,2.8,10.1
P01548,2025,S02,Clay Flats Station,Northern Plains,CL-Delta 12,Programme Bravo,4,419.6,2487.0,10.0,7.92,2.5,9.46
P01549,2025,S02,Clay Flats Station,Northern Plains,CL-Ember 33,Untreated Check,1,419.6,2487.0,53.4,7.51,5.0,9.07
P01550,2025,S02,Clay Flats Station,Northern Plains,CL-Ember 33,Untreated Check,2,419.6,2487.0,45.4,8.78,2.6,9.54
P01551,2025,S02,Clay Flats Station,Northern Plains,CL-Ember 33,Untreated Check,3,419.6,2487.0,43.8,7.94,6.3,9.92
P01552,2025,S02,Clay Flats Station,Northern Plains,CL-Ember 33,Untreated Check,4,419.6,2487.0,47.2,8.04,4.9,9.82
P01553,2025,S02,Clay Flats Station,Northern Plains,CL-Ember 33,Programme Alpha,1,419.6,2487.0,21.5,7.9,5.1,10.8
P01554,2025,S02,Clay Flats Station,Northern Plains,CL-Ember 33,Programme Alpha,2,419.6,2487.0,21.4,7.51,3.8,10.27
P01555,2025,S02,Clay Flats Station,Northern Plains,CL-Ember 33,Programme Alpha,3,419.6,2487.0,21.2,7.32,1.1,10.68
P01556,2025,S02,Clay Flats Station,Northern Plains,CL-Ember 33,Programme Alpha,4,419.6,2487.0,22.3,7.74,3.2,10.59
P01557,2025,S02,Clay Flats Station,Northern Plains,CL-Ember 33,Programme Bravo,1,419.6,2487.0,8.4,7.83,1.6,10.69
P01558,2025,S02,Clay Flats Station,Northern Plains,CL-Ember 33,Programme Bravo,2,419.6,2487.0,9.0,8.29,2.7,11.29
P01559,2025,S02,Clay Flats Station,Northern Plains,CL-Ember 33,Programme Bravo,3,419.6,2487.0,10.2,8.44,5.2,10.03
P01560,2025,S02,Clay Flats Station,Northern Plains,CL-Ember 33,Programme Bravo,4,419.6,2487.0,9.4,7.91,2.3,10.73
P01561,2025,S03,River Bend Station,Central Valley,CL-Aurora 21,Untreated Check,1,518.8,2480.0,36.9,8.12,2.6,10.32
P01562,2025,S03,River Bend Station,Central Valley,CL-Aurora 21,Untreated Check,2,518.8,2480.0,30.4,7.53,5.0,10.71
P01563,2025,S03,River Bend Station,Central Valley,CL-Aurora 21,Untreated Check,3,518.8,2480.0,29.5,7.84,2.7,10.43
P01564,2025,S03,River Bend Station,Central Valley,CL-Aurora 21,Untreated Check,4,518.8,2480.0,29.1,7.39,2.0,9.82
P01565,2025,S03,River Bend Station,Central Valley,CL-Aurora 21,Programme Alpha,1,518.8,2480.0,12.4,8.26,5.4,9.78
P01566,2025,S03,River Bend Station,Central Valley,CL-Aurora 21,Programme Alpha,2,518.8,2480.0,15.1,8.04,4.7,10.53
P01567,2025,S03,River Bend Station,Central Valley,CL-Aurora 21,Programme Alpha,3,518.8,2480.0,17.3,8.33,4.2,9.72
P01568,2025,S03,River Bend Station,Central Valley,CL-Aurora 21,Programme Alpha,4,518.8,2480.0,17.0,7.76,3.1,10.97
P01569,2025,S03,River Bend Station,Central Valley,CL-Aurora 21,Programme Bravo,1,518.8,2480.0,5.5,7.87,2.8,10.69
P01570,2025,S03,River Bend Station,Central Valley,CL-Aurora 21,Programme Bravo,2,518.8,2480.0,5.4,7.89,4.8,10.36
P01571,2025,S03,River Bend Station,Central Valley,CL-Aurora 21,Programme Bravo,3,518.8,2480.0,5.9,7.9,1.2,10.53
P01572,2025,S03,River Bend Station,Central Valley,CL-Aurora 21,Programme Bravo,4,518.8,2480.0,7.0,7.96,0.8,10.5
P01573,2025,S03,River Bend Station,Central Valley,CL-Beacon 44,Untreated Check,1,518.8,2480.0,32.2,8.41,3.4,10.53
P01574,2025,S03,River Bend Station,Central Valley,CL-Beacon 44,Untreated Check,2,518.8,2480.0,30.2,7.89,6.1,10.12
P01575,2025,S03,River Bend Station,Central Valley,CL-Beacon 44,Untreated Check,3,518.8,2480.0,32.8,7.96,10.3,11.57
P01576,2025,S03,River Bend Station,Central Valley,CL-Beacon 44,Untreated Check,4,518.8,2480.0,28.0,7.9,3.6,11.02
P01577,2025,S03,River Bend Station,Central Valley,CL-Beacon 44,Programme Alpha,1,518.8,2480.0,15.7,7.9,2.3,11.47
P01578,2025,S03,River Bend Station,Central Valley,CL-Beacon 44,Programme Alpha,2,518.8,2480.0,12.4,7.96,2.2,10.75
P01579,2025,S03,River Bend Station,Central Valley,CL-Beacon 44,Programme Alpha,3,518.8,2480.0,14.7,7.91,2.8,10.75
P01580,2025,S03,River Bend Station,Central Valley,CL-Beacon 44,Programme Alpha,4,518.8,2480.0,14.4,7.74,4.6,10.62
P01581,2025,S03,River Bend Station,Central Valley,CL-Beacon 44,Programme Bravo,1,518.8,2480.0,5.3,7.25,3.4,12.08
P01582,2025,S03,River Bend Station,Central Valley,CL-Beacon 44,Programme Bravo,2,518.8,2480.0,7.8,7.85,2.9,10.68
P01583,2025,S03,River Bend Station,Central Valley,CL-Beacon 44,Programme Bravo,3,518.8,2480.0,7.0,7.65,3.1,11.03
P01584,2025,S03,River Bend Station,Central Valley,CL-Beacon 44,Programme Bravo,4,518.8,2480.0,6.6,8.31,2.3,11.66
P01585,2025,S03,River Bend Station,Central Valley,CL-Cinder 07,Untreated Check,1,518.8,2480.0,34.3,8.34,4.7,9.03
P01586,2025,S03,River Bend Station,Central Valley,CL-Cinder 07,Untreated Check,2,518.8,2480.0,29.3,8.13,2.7,9.48
P01587,2025,S03,River Bend Station,Central Valley,CL-Cinder 07,Untreated Check,3,518.8,2480.0,33.7,7.72,1.8,9.37
P01588,2025,S03,River Bend Station,Central Valley,CL-Cinder 07,Untreated Check,4,518.8,2480.0,38.4,7.97,3.8,10.04
P01589,2025,S03,River Bend Station,Central Valley,CL-Cinder 07,Programme Alpha,1,518.8,2480.0,14.9,7.86,6.9,10.16
P01590,2025,S03,River Bend Station,Central Valley,CL-Cinder 07,Programme Alpha,2,518.8,2480.0,13.4,7.57,2.4,9.27
P01591,2025,S03,River Bend Station,Central Valley,CL-Cinder 07,Programme Alpha,3,518.8,2480.0,13.3,7.17,1.5,9.78
P01592,2025,S03,River Bend Station,Central Valley,CL-Cinder 07,Programme Alpha,4,518.8,2480.0,15.0,7.46,7.6,9.11
P01593,2025,S03,River Bend Station,Central Valley,CL-Cinder 07,Programme Bravo,1,518.8,2480.0,5.8,8.08,6.8,9.91
P01594,2025,S03,River Bend Station,Central Valley,CL-Cinder 07,Programme Bravo,2,518.8,2480.0,5.9,7.68,4.1,9.24
P01595,2025,S03,River Bend Station,Central Valley,CL-Cinder 07,Programme Bravo,3,518.8,2480.0,5.9,8.08,2.9,9.13
P01596,2025,S03,River Bend Station,Central Valley,CL-Cinder 07,Programme Bravo,4,518.8,2480.0,6.5,7.69,1.8,9.27
P01597,2025,S03,River Bend Station,Central Valley,CL-Delta 12,Untreated Check,1,518.8,2480.0,29.4,7.87,10.9,10.35
P01598,2025,S03,River Bend Station,Central Valley,CL-Delta 12,Untreated Check,2,518.8,2480.0,32.0,7.35,4.5,11.0
P01599,2025,S03,River Bend Station,Central Valley,CL-Delta 12,Untreated Check,3,518.8,2480.0,31.2,7.46,6.2,10.45
P01600,2025,S03,River Bend Station,Central Valley,CL-Delta 12,Untreated Check,4,518.8,2480.0,35.6,8.13,4.4,10.25
P01601,2025,S03,River Bend Station,Central Valley,CL-Delta 12,Programme Alpha,1,518.8,2480.0,14.0,8.23,4.6,10.63
P01602,2025,S03,River Bend Station,Central Valley,CL-Delta 12,Programme Alpha,2,518.8,2480.0,14.1,7.69,2.7,10.53
P01603,2025,S03,River Bend Station,Central Valley,CL-Delta 12,Programme Alpha,3,518.8,2480.0,15.1,7.55,1.6,10.52
P01604,2025,S03,River Bend Station,Central Valley,CL-Delta 12,Programme Alpha,4,518.8,2480.0,17.5,7.75,2.4,10.55
P01605,2025,S03,River Bend Station,Central Valley,CL-Delta 12,Programme Bravo,1,518.8,2480.0,5.7,7.68,1.1,10.54
P01606,2025,S03,River Bend Station,Central Valley,CL-Delta 12,Programme Bravo,2,518.8,2480.0,6.3,8.04,1.7,11.15
P01607,2025,S03,River Bend Station,Central Valley,CL-Delta 12,Programme Bravo,3,518.8,2480.0,5.4,7.46,1.8,10.99
P01608,2025,S03,River Bend Station,Central Valley,CL-Delta 12,Programme Bravo,4,518.8,2480.0,6.1,7.67,2.7,11.13
P01609,2025,S03,River Bend Station,Central Valley,CL-Ember 33,Untreated Check,1,518.8,2480.0,29.9,8.07,4.8,10.37
P01610,2025,S03,River Bend Station,Central Valley,CL-Ember 33,Untreated Check,2,518.8,2480.0,28.2,8.06,4.9,11.47
P01611,2025,S03,River Bend Station,Central Valley,CL-Ember 33,Untreated Check,3,518.8,2480.0,29.4,8.1,1.8,10.69
P01612,2025,S03,River Bend Station,Central Valley,CL-Ember 33,Untreated Check,4,518.8,2480.0,35.1,8.43,7.9,10.25
P01613,2025,S03,River Bend Station,Central Valley,CL-Ember 33,Programme Alpha,1,518.8,2480.0,14.3,7.71,1.8,11.49
P01614,2025,S03,River Bend Station,Central Valley,CL-Ember 33,Programme Alpha,2,518.8,2480.0,12.9,7.82,1.4,11.45
P01615,2025,S03,River Bend Station,Central Valley,CL-Ember 33,Programme Alpha,3,518.8,2480.0,13.9,8.06,8.5,11.83
P01616,2025,S03,River Bend Station,Central Valley,CL-Ember 33,Programme Alpha,4,518.8,2480.0,13.6,7.4,1.9,11.23
P01617,2025,S03,River Bend Station,Central Valley,CL-Ember 33,Programme Bravo,1,518.8,2480.0,6.3,7.52,4.2,11.37
P01618,2025,S03,River Bend Station,Central Valley,CL-Ember 33,Programme Bravo,2,518.8,2480.0,5.8,7.94,0.7,11.15
P01619,2025,S03,River Bend Station,Central Valley,CL-Ember 33,Programme Bravo,3,518.8,2480.0,5.7,7.7,2.8,11.93
P01620,2025,S03,River Bend Station,Central Valley,CL-Ember 33,Programme Bravo,4,518.8,2480.0,6.5,7.46,2.1,11.8
P01621,2025,S04,Lakeview Station,Central Valley,CL-Aurora 21,Untreated Check,1,643.4,2558.0,31.2,7.42,6.7,10.58
P01622,2025,S04,Lakeview Station,Central Valley,CL-Aurora 21,Untreated Check,2,643.4,2558.0,34.4,7.97,8.4,10.06
P01623,2025,S04,Lakeview Station,Central Valley,CL-Aurora 21,Untreated Check,3,643.4,2558.0,43.4,8.0,9.0,10.35
P01624,2025,S04,Lakeview Station,Central Valley,CL-Aurora 21,Untreated Check,4,643.4,2558.0,32.9,7.43,9.2,10.43
P01625,2025,S04,Lakeview Station,Central Valley,CL-Aurora 21,Programme Alpha,1,643.4,2558.0,17.2,8.25,6.4,10.86
P01626,2025,S04,Lakeview Station,Central Valley,CL-Aurora 21,Programme Alpha,2,643.4,2558.0,16.7,7.71,1.3,10.45
P01627,2025,S04,Lakeview Station,Central Valley,CL-Aurora 21,Programme Alpha,3,643.4,2558.0,15.6,7.62,4.6,10.3
P01628,2025,S04,Lakeview Station,Central Valley,CL-Aurora 21,Programme Alpha,4,643.4,2558.0,14.7,7.29,0.8,10.44
P01629,2025,S04,Lakeview Station,Central Valley,CL-Aurora 21,Programme Bravo,1,643.4,2558.0,6.0,7.79,6.9,11.2
P01630,2025,S04,Lakeview Station,Central Valley,CL-Aurora 21,Programme Bravo,2,643.4,2558.0,7.1,7.77,2.0,11.18
P01631,2025,S04,Lakeview Station,Central Valley,CL-Aurora 21,Programme Bravo,3,643.4,2558.0,6.8,8.27,1.5,11.46
P01632,2025,S04,Lakeview Station,Central Valley,CL-Aurora 21,Programme Bravo,4,643.4,2558.0,7.6,7.35,0.6,11.01
P01633,2025,S04,Lakeview Station,Central Valley,CL-Beacon 44,Untreated Check,1,643.4,2558.0,34.5,7.44,3.8,11.27
P01634,2025,S04,Lakeview Station,Central Valley,CL-Beacon 44,Untreated Check,2,643.4,2558.0,35.9,7.74,1.9,12.38
P01635,2025,S04,Lakeview Station,Central Valley,CL-Beacon 44,Untreated Check,3,643.4,2558.0,42.6,7.37,4.1,11.33
P01636,2025,S04,Lakeview Station,Central Valley,CL-Beacon 44,Untreated Check,4,643.4,2558.0,37.8,7.19,5.7,12.16
P01637,2025,S04,Lakeview Station,Central Valley,CL-Beacon 44,Programme Alpha,1,643.4,2558.0,17.6,8.03,2.8,11.67
P01638,2025,S04,Lakeview Station,Central Valley,CL-Beacon 44,Programme Alpha,2,643.4,2558.0,18.3,8.32,1.6,11.09
P01639,2025,S04,Lakeview Station,Central Valley,CL-Beacon 44,Programme Alpha,3,643.4,2558.0,18.5,7.33,5.4,11.82
P01640,2025,S04,Lakeview Station,Central Valley,CL-Beacon 44,Programme Alpha,4,643.4,2558.0,16.7,8.19,4.4,11.81
P01641,2025,S04,Lakeview Station,Central Valley,CL-Beacon 44,Programme Bravo,1,643.4,2558.0,6.7,7.72,2.9,11.85
P01642,2025,S04,Lakeview Station,Central Valley,CL-Beacon 44,Programme Bravo,2,643.4,2558.0,7.1,7.47,2.2,11.81
P01643,2025,S04,Lakeview Station,Central Valley,CL-Beacon 44,Programme Bravo,3,643.4,2558.0,6.4,7.44,6.0,12.16
P01644,2025,S04,Lakeview Station,Central Valley,CL-Beacon 44,Programme Bravo,4,643.4,2558.0,7.0,8.06,2.0,11.53
P01645,2025,S04,Lakeview Station,Central Valley,CL-Cinder 07,Untreated Check,1,643.4,2558.0,32.4,8.66,4.3,10.07
P01646,2025,S04,Lakeview Station,Central Valley,CL-Cinder 07,Untreated Check,2,643.4,2558.0,35.9,7.41,3.1,9.89
P01647,2025,S04,Lakeview Station,Central Valley,CL-Cinder 07,Untreated Check,3,643.4,2558.0,34.3,7.62,2.5,9.51
P01648,2025,S04,Lakeview Station,Central Valley,CL-Cinder 07,Untreated Check,4,643.4,2558.0,32.6,8.2,1.8,9.61
P01649,2025,S04,Lakeview Station,Central Valley,CL-Cinder 07,Programme Alpha,1,643.4,2558.0,15.4,7.66,10.1,10.23
P01650,2025,S04,Lakeview Station,Central Valley,CL-Cinder 07,Programme Alpha,2,643.4,2558.0,15.6,7.78,2.0,10.13
P01651,2025,S04,Lakeview Station,Central Valley,CL-Cinder 07,Programme Alpha,3,643.4,2558.0,13.9,7.92,4.3,10.76
P01652,2025,S04,Lakeview Station,Central Valley,CL-Cinder 07,Programme Alpha,4,643.4,2558.0,16.3,7.77,3.0,9.59
P01653,2025,S04,Lakeview Station,Central Valley,CL-Cinder 07,Programme Bravo,1,643.4,2558.0,6.7,7.97,3.3,10.18
P01654,2025,S04,Lakeview Station,Central Valley,CL-Cinder 07,Programme Bravo,2,643.4,2558.0,5.8,7.81,3.1,9.9
P01655,2025,S04,Lakeview Station,Central Valley,CL-Cinder 07,Programme Bravo,3,643.4,2558.0,8.4,7.59,5.8,10.96
P01656,2025,S04,Lakeview Station,Central Valley,CL-Cinder 07,Programme Bravo,4,643.4,2558.0,6.9,8.16,2.1,10.37
P01657,2025,S04,Lakeview Station,Central Valley,CL-Delta 12,Untreated Check,1,643.4,2558.0,33.2,8.26,5.6,11.28
P01658,2025,S04,Lakeview Station,Central Valley,CL-Delta 12,Untreated Check,2,643.4,2558.0,42.2,7.89,3.4,10.54
P01659,2025,S04,Lakeview Station,Central Valley,CL-Delta 12,Untreated Check,3,643.4,2558.0,40.7,7.68,2.3,10.67
P01660,2025,S04,Lakeview Station,Central Valley,CL-Delta 12,Untreated Check,4,643.4,2558.0,33.2,7.32,3.6,11.77
P01661,2025,S04,Lakeview Station,Central Valley,CL-Delta 12,Programme Alpha,1,643.4,2558.0,17.4,7.47,1.9,11.74
P01662,2025,S04,Lakeview Station,Central Valley,CL-Delta 12,Programme Alpha,2,643.4,2558.0,16.1,7.62,2.7,11.77
P01663,2025,S04,Lakeview Station,Central Valley,CL-Delta 12,Programme Alpha,3,643.4,2558.0,15.9,7.08,3.2,10.76
P01664,2025,S04,Lakeview Station,Central Valley,CL-Delta 12,Programme Alpha,4,643.4,2558.0,14.7,8.18,3.1,10.45
P01665,2025,S04,Lakeview Station,Central Valley,CL-Delta 12,Programme Bravo,1,643.4,2558.0,6.6,8.31,3.3,11.94
P01666,2025,S04,Lakeview Station,Central Valley,CL-Delta 12,Programme Bravo,2,643.4,2558.0,8.4,8.09,6.3,11.26
P01667,2025,S04,Lakeview Station,Central Valley,CL-Delta 12,Programme Bravo,3,643.4,2558.0,6.4,7.92,6.5,11.26
P01668,2025,S04,Lakeview Station,Central Valley,CL-Delta 12,Programme Bravo,4,643.4,2558.0,7.0,7.91,0.9,12.11
P01669,2025,S04,Lakeview Station,Central Valley,CL-Ember 33,Untreated Check,1,643.4,2558.0,41.1,7.59,4.7,11.41
P01670,2025,S04,Lakeview Station,Central Valley,CL-Ember 33,Untreated Check,2,643.4,2558.0,39.8,7.22,2.2,11.25
P01671,2025,S04,Lakeview Station,Central Valley,CL-Ember 33,Untreated Check,3,643.4,2558.0,38.2,7.97,6.2,11.32
P01672,2025,S04,Lakeview Station,Central Valley,CL-Ember 33,Untreated Check,4,643.4,2558.0,35.9,8.04,2.5,11.19
P01673,2025,S04,Lakeview Station,Central Valley,CL-Ember 33,Programme Alpha,1,643.4,2558.0,15.4,8.34,4.7,11.78
P01674,2025,S04,Lakeview Station,Central Valley,CL-Ember 33,Programme Alpha,2,643.4,2558.0,17.1,7.79,1.8,11.87
P01675,2025,S04,Lakeview Station,Central Valley,CL-Ember 33,Programme Alpha,3,643.4,2558.0,19.4,7.71,4.8,11.36
P01676,2025,S04,Lakeview Station,Central Valley,CL-Ember 33,Programme Alpha,4,643.4,2558.0,16.4,7.38,1.1,12.03
P01677,2025,S04,Lakeview Station,Central Valley,CL-Ember 33,Programme Bravo,1,643.4,2558.0,6.6,7.99,1.0,12.53
P01678,2025,S04,Lakeview Station,Central Valley,CL-Ember 33,Programme Bravo,2,643.4,2558.0,8.4,7.86,7.5,11.87
P01679,2025,S04,Lakeview Station,Central Valley,CL-Ember 33,Programme Bravo,3,643.4,2558.0,7.5,7.69,2.6,12.94
P01680,2025,S04,Lakeview Station,Central Valley,CL-Ember 33,Programme Bravo,4,643.4,2558.0,7.1,7.74,1.4,12.3
P01681,2025,S05,Sandhill Station,Eastern Belt,CL-Aurora 21,Untreated Check,1,639.8,2683.0,30.0,7.86,2.4,8.83
P01682,2025,S05,Sandhill Station,Eastern Belt,CL-Aurora 21,Untreated Check,2,639.8,2683.0,33.3,7.7,4.2,9.76
P01683,2025,S05,Sandhill Station,Eastern Belt,CL-Aurora 21,Untreated Check,3,639.8,2683.0,32.4,7.44,3.6,9.37
P01684,2025,S05,Sandhill Station,Eastern Belt,CL-Aurora 21,Untreated Check,4,639.8,2683.0,32.7,7.76,2.3,9.88
P01685,2025,S05,Sandhill Station,Eastern Belt,CL-Aurora 21,Programme Alpha,1,639.8,2683.0,13.9,7.4,3.6,8.62
P01686,2025,S05,Sandhill Station,Eastern Belt,CL-Aurora 21,Programme Alpha,2,639.8,2683.0,14.9,7.7,2.6,9.88
P01687,2025,S05,Sandhill Station,Eastern Belt,CL-Aurora 21,Programme Alpha,3,639.8,2683.0,14.4,7.59,7.1,9.85
P01688,2025,S05,Sandhill Station,Eastern Belt,CL-Aurora 21,Programme Alpha,4,639.8,2683.0,16.1,7.94,1.7,9.47
P01689,2025,S05,Sandhill Station,Eastern Belt,CL-Aurora 21,Programme Bravo,1,639.8,2683.0,6.6,7.87,4.0,9.76
P01690,2025,S05,Sandhill Station,Eastern Belt,CL-Aurora 21,Programme Bravo,2,639.8,2683.0,6.5,7.9,1.9,9.97
P01691,2025,S05,Sandhill Station,Eastern Belt,CL-Aurora 21,Programme Bravo,3,639.8,2683.0,5.9,8.39,2.8,9.39
P01692,2025,S05,Sandhill Station,Eastern Belt,CL-Aurora 21,Programme Bravo,4,639.8,2683.0,6.5,7.75,5.1,10.15
P01693,2025,S05,Sandhill Station,Eastern Belt,CL-Beacon 44,Untreated Check,1,639.8,2683.0,33.0,7.79,3.7,11.16
P01694,2025,S05,Sandhill Station,Eastern Belt,CL-Beacon 44,Untreated Check,2,639.8,2683.0,33.3,8.09,2.9,9.88
P01695,2025,S05,Sandhill Station,Eastern Belt,CL-Beacon 44,Untreated Check,3,639.8,2683.0,33.8,7.85,11.4,11.23
P01696,2025,S05,Sandhill Station,Eastern Belt,CL-Beacon 44,Untreated Check,4,639.8,2683.0,31.9,8.05,1.6,10.52
P01697,2025,S05,Sandhill Station,Eastern Belt,CL-Beacon 44,Programme Alpha,1,639.8,2683.0,13.0,7.41,1.2,9.64
P01698,2025,S05,Sandhill Station,Eastern Belt,CL-Beacon 44,Programme Alpha,2,639.8,2683.0,15.4,8.37,5.2,10.88
P01699,2025,S05,Sandhill Station,Eastern Belt,CL-Beacon 44,Programme Alpha,3,639.8,2683.0,10.0,8.05,0.9,11.59
P01700,2025,S05,Sandhill Station,Eastern Belt,CL-Beacon 44,Programme Alpha,4,639.8,2683.0,15.7,7.57,4.7,11.0
P01701,2025,S05,Sandhill Station,Eastern Belt,CL-Beacon 44,Programme Bravo,1,639.8,2683.0,5.9,7.73,2.7,10.48
P01702,2025,S05,Sandhill Station,Eastern Belt,CL-Beacon 44,Programme Bravo,2,639.8,2683.0,6.0,8.07,0.4,9.84
P01703,2025,S05,Sandhill Station,Eastern Belt,CL-Beacon 44,Programme Bravo,3,639.8,2683.0,6.7,7.52,6.1,10.35
P01704,2025,S05,Sandhill Station,Eastern Belt,CL-Beacon 44,Programme Bravo,4,639.8,2683.0,7.0,7.91,0.6,11.88
P01705,2025,S05,Sandhill Station,Eastern Belt,CL-Cinder 07,Untreated Check,1,639.8,2683.0,32.2,7.54,9.0,8.4
P01706,2025,S05,Sandhill Station,Eastern Belt,CL-Cinder 07,Untreated Check,2,639.8,2683.0,35.5,7.41,5.9,8.53
P01707,2025,S05,Sandhill Station,Eastern Belt,CL-Cinder 07,Untreated Check,3,639.8,2683.0,34.7,8.28,10.3,8.97
P01708,2025,S05,Sandhill Station,Eastern Belt,CL-Cinder 07,Untreated Check,4,639.8,2683.0,28.0,8.0,1.7,8.56
P01709,2025,S05,Sandhill Station,Eastern Belt,CL-Cinder 07,Programme Alpha,1,639.8,2683.0,16.0,7.97,3.4,9.43
P01710,2025,S05,Sandhill Station,Eastern Belt,CL-Cinder 07,Programme Alpha,2,639.8,2683.0,15.4,8.14,3.6,9.6
P01711,2025,S05,Sandhill Station,Eastern Belt,CL-Cinder 07,Programme Alpha,3,639.8,2683.0,15.4,7.57,4.4,9.19
P01712,2025,S05,Sandhill Station,Eastern Belt,CL-Cinder 07,Programme Alpha,4,639.8,2683.0,15.0,7.63,2.0,9.61
P01713,2025,S05,Sandhill Station,Eastern Belt,CL-Cinder 07,Programme Bravo,1,639.8,2683.0,6.3,7.93,4.3,9.54
P01714,2025,S05,Sandhill Station,Eastern Belt,CL-Cinder 07,Programme Bravo,2,639.8,2683.0,6.9,8.25,1.5,9.3
P01715,2025,S05,Sandhill Station,Eastern Belt,CL-Cinder 07,Programme Bravo,3,639.8,2683.0,6.6,7.38,2.2,8.82
P01716,2025,S05,Sandhill Station,Eastern Belt,CL-Cinder 07,Programme Bravo,4,639.8,2683.0,7.2,7.89,2.0,9.31
P01717,2025,S05,Sandhill Station,Eastern Belt,CL-Delta 12,Untreated Check,1,639.8,2683.0,28.3,8.28,4.6,9.93
P01718,2025,S05,Sandhill Station,Eastern Belt,CL-Delta 12,Untreated Check,2,639.8,2683.0,28.8,7.72,1.7,9.31
P01719,2025,S05,Sandhill Station,Eastern Belt,CL-Delta 12,Untreated Check,3,639.8,2683.0,32.3,8.28,2.0,9.3
P01720,2025,S05,Sandhill Station,Eastern Belt,CL-Delta 12,Untreated Check,4,639.8,2683.0,29.3,8.06,3.2,9.32
P01721,2025,S05,Sandhill Station,Eastern Belt,CL-Delta 12,Programme Alpha,1,639.8,2683.0,16.8,7.66,2.5,10.43
P01722,2025,S05,Sandhill Station,Eastern Belt,CL-Delta 12,Programme Alpha,2,639.8,2683.0,16.1,8.29,4.4,10.83
P01723,2025,S05,Sandhill Station,Eastern Belt,CL-Delta 12,Programme Alpha,3,639.8,2683.0,13.5,8.03,3.9,9.55
P01724,2025,S05,Sandhill Station,Eastern Belt,CL-Delta 12,Programme Alpha,4,639.8,2683.0,15.9,7.44,1.1,10.66
P01725,2025,S05,Sandhill Station,Eastern Belt,CL-Delta 12,Programme Bravo,1,639.8,2683.0,5.5,8.19,3.6,10.1
P01726,2025,S05,Sandhill Station,Eastern Belt,CL-Delta 12,Programme Bravo,2,639.8,2683.0,7.1,8.04,4.7,10.18
P01727,2025,S05,Sandhill Station,Eastern Belt,CL-Delta 12,Programme Bravo,3,639.8,2683.0,6.0,7.71,0.6,10.3
P01728,2025,S05,Sandhill Station,Eastern Belt,CL-Delta 12,Programme Bravo,4,639.8,2683.0,6.8,7.89,2.1,10.52
P01729,2025,S05,Sandhill Station,Eastern Belt,CL-Ember 33,Untreated Check,1,639.8,2683.0,30.9,7.74,3.9,10.53
P01730,2025,S05,Sandhill Station,Eastern Belt,CL-Ember 33,Untreated Check,2,639.8,2683.0,31.7,8.21,2.0,11.07
P01731,2025,S05,Sandhill Station,Eastern Belt,CL-Ember 33,Untreated Check,3,639.8,2683.0,32.9,7.56,5.6,9.96
P01732,2025,S05,Sandhill Station,Eastern Belt,CL-Ember 33,Untreated Check,4,639.8,2683.0,34.3,8.07,3.6,10.96
P01733,2025,S05,Sandhill Station,Eastern Belt,CL-Ember 33,Programme Alpha,1,639.8,2683.0,15.6,7.82,3.2,11.16
P01734,2025,S05,Sandhill Station,Eastern Belt,CL-Ember 33,Programme Alpha,2,639.8,2683.0,12.4,7.77,5.4,11.0
P01735,2025,S05,Sandhill Station,Eastern Belt,CL-Ember 33,Programme Alpha,3,639.8,2683.0,15.6,8.15,2.5,10.35
P01736,2025,S05,Sandhill Station,Eastern Belt,CL-Ember 33,Programme Alpha,4,639.8,2683.0,12.2,7.91,4.5,10.48
P01737,2025,S05,Sandhill Station,Eastern Belt,CL-Ember 33,Programme Bravo,1,639.8,2683.0,6.0,7.87,2.3,10.77
P01738,2025,S05,Sandhill Station,Eastern Belt,CL-Ember 33,Programme Bravo,2,639.8,2683.0,7.8,7.67,17.1,11.68
P01739,2025,S05,Sandhill Station,Eastern Belt,CL-Ember 33,Programme Bravo,3,639.8,2683.0,6.7,8.21,3.1,10.86
P01740,2025,S05,Sandhill Station,Eastern Belt,CL-Ember 33,Programme Bravo,4,639.8,2683.0,7.0,8.29,3.6,11.01
P01741,2025,S06,High Plains Station,Eastern Belt,CL-Aurora 21,Untreated Check,1,416.5,2458.0,43.5,7.84,7.1,8.64
P01742,2025,S06,High Plains Station,Eastern Belt,CL-Aurora 21,Untreated Check,2,416.5,2458.0,41.6,7.53,6.5,8.49
P01743,2025,S06,High Plains Station,Eastern Belt,CL-Aurora 21,Untreated Check,3,416.5,2458.0,42.9,8.03,6.4,8.53
P01744,2025,S06,High Plains Station,Eastern Belt,CL-Aurora 21,Untreated Check,4,416.5,2458.0,44.6,8.15,4.8,8.83
P01745,2025,S06,High Plains Station,Eastern Belt,CL-Aurora 21,Programme Alpha,1,416.5,2458.0,18.8,8.07,5.4,9.26
P01746,2025,S06,High Plains Station,Eastern Belt,CL-Aurora 21,Programme Alpha,2,416.5,2458.0,23.7,7.91,4.7,8.46
P01747,2025,S06,High Plains Station,Eastern Belt,CL-Aurora 21,Programme Alpha,3,416.5,2458.0,19.1,7.83,3.1,10.0
P01748,2025,S06,High Plains Station,Eastern Belt,CL-Aurora 21,Programme Alpha,4,416.5,2458.0,21.3,7.14,12.9,9.06
P01749,2025,S06,High Plains Station,Eastern Belt,CL-Aurora 21,Programme Bravo,1,416.5,2458.0,9.3,8.42,3.3,8.27
P01750,2025,S06,High Plains Station,Eastern Belt,CL-Aurora 21,Programme Bravo,2,416.5,2458.0,9.0,8.05,3.6,9.08
P01751,2025,S06,High Plains Station,Eastern Belt,CL-Aurora 21,Programme Bravo,3,416.5,2458.0,11.2,8.11,1.6,9.38
P01752,2025,S06,High Plains Station,Eastern Belt,CL-Aurora 21,Programme Bravo,4,416.5,2458.0,9.8,8.11,3.0,9.5
P01753,2025,S06,High Plains Station,Eastern Belt,CL-Beacon 44,Untreated Check,1,416.5,2458.0,53.5,8.05,4.0,9.97
P01754,2025,S06,High Plains Station,Eastern Belt,CL-Beacon 44,Untreated Check,2,416.5,2458.0,52.5,7.26,7.0,9.56
P01755,2025,S06,High Plains Station,Eastern Belt,CL-Beacon 44,Untreated Check,3,416.5,2458.0,51.9,7.97,5.4,9.76
P01756,2025,S06,High Plains Station,Eastern Belt,CL-Beacon 44,Untreated Check,4,416.5,2458.0,40.8,7.34,4.2,9.53
P01757,2025,S06,High Plains Station,Eastern Belt,CL-Beacon 44,Programme Alpha,1,416.5,2458.0,24.0,7.31,1.4,9.63
P01758,2025,S06,High Plains Station,Eastern Belt,CL-Beacon 44,Programme Alpha,2,416.5,2458.0,24.7,7.48,2.2,9.51
P01759,2025,S06,High Plains Station,Eastern Belt,CL-Beacon 44,Programme Alpha,3,416.5,2458.0,19.1,7.66,2.4,10.61
P01760,2025,S06,High Plains Station,Eastern Belt,CL-Beacon 44,Programme Alpha,4,416.5,2458.0,20.6,7.66,2.3,9.6
P01761,2025,S06,High Plains Station,Eastern Belt,CL-Beacon 44,Programme Bravo,1,416.5,2458.0,8.1,7.58,4.3,10.77
P01762,2025,S06,High Plains Station,Eastern Belt,CL-Beacon 44,Programme Bravo,2,416.5,2458.0,9.5,7.72,2.9,9.91
P01763,2025,S06,High Plains Station,Eastern Belt,CL-Beacon 44,Programme Bravo,3,416.5,2458.0,9.8,7.58,3.1,10.02
P01764,2025,S06,High Plains Station,Eastern Belt,CL-Beacon 44,Programme Bravo,4,416.5,2458.0,7.5,7.7,1.8,10.13
P01765,2025,S06,High Plains Station,Eastern Belt,CL-Cinder 07,Untreated Check,1,416.5,2458.0,46.0,7.83,3.3,8.26
P01766,2025,S06,High Plains Station,Eastern Belt,CL-Cinder 07,Untreated Check,2,416.5,2458.0,47.8,7.66,4.2,8.24
P01767,2025,S06,High Plains Station,Eastern Belt,CL-Cinder 07,Untreated Check,3,416.5,2458.0,49.3,7.58,2.8,7.65
P01768,2025,S06,High Plains Station,Eastern Belt,CL-Cinder 07,Untreated Check,4,416.5,2458.0,45.2,7.74,5.8,7.57
P01769,2025,S06,High Plains Station,Eastern Belt,CL-Cinder 07,Programme Alpha,1,416.5,2458.0,21.9,7.86,2.0,8.35
P01770,2025,S06,High Plains Station,Eastern Belt,CL-Cinder 07,Programme Alpha,2,416.5,2458.0,19.9,7.51,2.2,8.68
P01771,2025,S06,High Plains Station,Eastern Belt,CL-Cinder 07,Programme Alpha,3,416.5,2458.0,19.6,8.21,3.1,7.9
P01772,2025,S06,High Plains Station,Eastern Belt,CL-Cinder 07,Programme Alpha,4,416.5,2458.0,17.9,7.78,2.7,8.38
P01773,2025,S06,High Plains Station,Eastern Belt,CL-Cinder 07,Programme Bravo,1,416.5,2458.0,9.8,7.24,1.8,7.99
P01774,2025,S06,High Plains Station,Eastern Belt,CL-Cinder 07,Programme Bravo,2,416.5,2458.0,10.7,8.16,2.7,8.28
P01775,2025,S06,High Plains Station,Eastern Belt,CL-Cinder 07,Programme Bravo,3,416.5,2458.0,10.4,8.29,1.6,8.16
P01776,2025,S06,High Plains Station,Eastern Belt,CL-Cinder 07,Programme Bravo,4,416.5,2458.0,8.5,7.92,1.2,8.37
P01777,2025,S06,High Plains Station,Eastern Belt,CL-Delta 12,Untreated Check,1,416.5,2458.0,43.0,8.66,4.0,9.33
P01778,2025,S06,High Plains Station,Eastern Belt,CL-Delta 12,Untreated Check,2,416.5,2458.0,51.1,8.09,3.1,9.2
P01779,2025,S06,High Plains Station,Eastern Belt,CL-Delta 12,Untreated Check,3,416.5,2458.0,51.1,7.94,7.3,8.43
P01780,2025,S06,High Plains Station,Eastern Belt,CL-Delta 12,Untreated Check,4,416.5,2458.0,47.8,7.92,2.9,9.29
P01781,2025,S06,High Plains Station,Eastern Belt,CL-Delta 12,Programme Alpha,1,416.5,2458.0,20.1,7.28,1.9,9.71
P01782,2025,S06,High Plains Station,Eastern Belt,CL-Delta 12,Programme Alpha,2,416.5,2458.0,20.9,7.78,2.1,10.59
P01783,2025,S06,High Plains Station,Eastern Belt,CL-Delta 12,Programme Alpha,3,416.5,2458.0,18.3,7.68,5.1,9.35
P01784,2025,S06,High Plains Station,Eastern Belt,CL-Delta 12,Programme Alpha,4,416.5,2458.0,23.1,7.29,2.9,10.19
P01785,2025,S06,High Plains Station,Eastern Belt,CL-Delta 12,Programme Bravo,1,416.5,2458.0,8.5,7.37,4.0,9.76
P01786,2025,S06,High Plains Station,Eastern Belt,CL-Delta 12,Programme Bravo,2,416.5,2458.0,9.3,7.76,1.7,9.3
P01787,2025,S06,High Plains Station,Eastern Belt,CL-Delta 12,Programme Bravo,3,416.5,2458.0,9.5,7.79,3.8,10.32
P01788,2025,S06,High Plains Station,Eastern Belt,CL-Delta 12,Programme Bravo,4,416.5,2458.0,11.0,7.99,8.4,10.15
P01789,2025,S06,High Plains Station,Eastern Belt,CL-Ember 33,Untreated Check,1,416.5,2458.0,47.4,7.56,3.6,9.43
P01790,2025,S06,High Plains Station,Eastern Belt,CL-Ember 33,Untreated Check,2,416.5,2458.0,49.4,7.69,8.0,8.87
P01791,2025,S06,High Plains Station,Eastern Belt,CL-Ember 33,Untreated Check,3,416.5,2458.0,50.4,7.81,4.7,9.41
P01792,2025,S06,High Plains Station,Eastern Belt,CL-Ember 33,Untreated Check,4,416.5,2458.0,50.5,7.51,4.3,9.34
P01793,2025,S06,High Plains Station,Eastern Belt,CL-Ember 33,Programme Alpha,1,416.5,2458.0,20.8,7.66,3.5,10.41
P01794,2025,S06,High Plains Station,Eastern Belt,CL-Ember 33,Programme Alpha,2,416.5,2458.0,20.4,8.34,6.6,10.19
P01795,2025,S06,High Plains Station,Eastern Belt,CL-Ember 33,Programme Alpha,3,416.5,2458.0,24.9,8.25,3.1,10.81
P01796,2025,S06,High Plains Station,Eastern Belt,CL-Ember 33,Programme Alpha,4,416.5,2458.0,22.4,7.72,3.8,9.74
P01797,2025,S06,High Plains Station,Eastern Belt,CL-Ember 33,Programme Bravo,1,416.5,2458.0,8.2,8.0,4.0,10.48
P01798,2025,S06,High Plains Station,Eastern Belt,CL-Ember 33,Programme Bravo,2,416.5,2458.0,10.3,7.74,3.4,10.4
P01799,2025,S06,High Plains Station,Eastern Belt,CL-Ember 33,Programme Bravo,3,416.5,2458.0,6.4,7.76,0.6,10.79
P01800,2025,S06,High Plains Station,Eastern Belt,CL-Ember 33,Programme Bravo,4,416.5,2458.0,7.5,7.32,1.4,9.85
